स्त्रियो,स्त्री
सखियों,सखी
तिनकों,तिनका
काटों,काटा
व्यभिचारिणियों,व्यभिचारिणी
झाडियों,झाडी
हथकडिय़ां,हथकडी
लड़कियां,लड़की
सुर्ख़ियों,सुर्ख़ी
सीढियां,सीढी
चिडिय़ों,चिडिय़ा
सराहें,सराहा
सैकड़ों,सैकड़ा
लकड़ियाँ,लकड़ी
अचम्भित,अचम्भा
अठखेलियां,अठखेली
यूसुफवंशियों,यूसुफवंशी
लड़कियों,लड़की
थानों,थाना
तवों,तवा
प्रणालियों,प्रणाली
देवियां,देवी
भतीजों,भतीजा
छुट्टियाँ,छुट्टी
छुड़वाने,छुड़वाा
खोजियों,खोजी
धज्जियाँ,धज्जी
रानियां,रानी
पुरनियो,पुरनी
स्वामियों,स्वामी
हड्डियाँ,हड्डी
मालियों,माली
भणडारियों,भणडारी
अरबियों,अरबी
जूतियां,जूती
टिड्डियों,टिड्डी
चिन्गारियाँ,चिन्गारी
गोत्रियों,गोत्री
पोतों,पोता
बोलियां,बोली
अातंकियों,अातंकी
छोड़ना,छोड़
सहयोगी,सहयोग
बदले,बदल
छोड़ना,छोड़
बताया,बता
चाहती,चाह
उड़ान,उड़
भरने,भर
रही,रह
छोड़ने,छोड़
अपहर्ताअों,अपहर्ता
लगाते,लगा
जलाया,जला
क्ष्त्र्ाे,क्ष्त्र्
मारे,मार
अधिकारियो,अधिकारी
लापरवाही,लापरवाह
करे,कर
सूत्र्ााे,सूत्रा
लिखित,लिख
पहुंचा,पहुंच
उठाने,उठा
भागने,भाग
सहयोगियो,सहयोगी
चिल्लाने,चिल्ला
दौड़े,दौड़
अपराधियो,अपराधी
लाश्ााे,लाश
संबोधित,संबोध
संभालने,संभाल
ट्रेनो,ट्रेन
पलटने,पलट
बोगियो,बोगी
ग्रामीण्ााे,ग्रामीण
निकालने,निकाल
कराने,करा
देश्ाों,देश
वर्षों,वर्ष
सीमाअाे,सीमा
मंजूरी,मंजूर
प्रभावी,प्रभाव
पसलियों,पसली
पहुंचेगा,पहुंच
दक्ष्सो,दक्ष्स
रियायतो,रियायत
व्यावहारिक,व्यवहार
चमकाने,चमक
उद्योगो,उद्योग
खांए,खा
वस्तुअाे,वस्तु
बाधाअाे,बाधा
अर्थव्यवस्थाअाे,अर्थव्यवस्था
सरकारो,सरकार
उल्लेखनीय,उल्लेख
हमंे,हम
व्यापारिक,व्यापार
टिकाने,टिक
रखता,रख
रखेंगे,रखा
उत्पादो,उत्पाद
उष्णकटिबंधीय,उष्णकटिबंध
जिनकी,जिन
हजारो,हजार
लौटने,लौट
उद्योगो,उद्योग
संबंधित,संबंध
तपाऊंगा,तपा
अारोपी,अारोप
संरक्ष्ण्ाा,संरक्ष्ण
मंजूरी,मंजूर
मिटाए,मिट
करेगे,कर
विपक्ष्ाी,विपक्ष
सदस्यीय,सदस्य
प्रभावित,प्रभाव
इलाकों,इलाका
संबंधित,संबंध
प्रस्तावों,प्रस्ताव
विचारों,विचार
करेगे,कर
यही,यह
राजनेताअों,राजनेता
हिरासती,हिरासत
मिलना,मिल
नेताअों,नेता
वामपंथियों,वामपंथी
श्ाक्तियो,श्ाक्ति
विरोधी,विरोध
करती,कर
बुलाया,बुला
नीतियो,नीति
कहते,कह
जानकारी,जानकार
करीबी,करीब
प्रतिनिधित्व,प्रतिनिधि
पाकिस्तानी,पाकिस्तान
देश्ााे,देश
जवानो,जवान
राष्ट्रीय,राष्ट्र
हड़ताली,हड़ताल
डाक्टरो,डाक्टर
संवाददाताअाे,संवाददाता
कदमो,कदम
चिकित्सको,चिकित्सक
बुलाया,बुला
नेताअाे,नेता
विवादित,विवाद
चुनावी,चुनाव
कराएंगे,करा
करेगा,कर
ठुकराया,ठुकरा
रिश्तों,रिश्ता
जाएंगे,जा
संबंधो,संबंध
कहूंगा,कहूं
सहमति,सहमत
जताते,जता
निर्देश्ना,निर्देश
नेताअाे,नेता
पाबंदी,पाबंद
लगाने,लगा
बनाने,बना
तेजी,तेज
रहे,रह
संपन्नता,संपन्न
रखते,रख
रण्नाीतिक,रण्नाीति
रचाकर,रचा
जोड़ने,जोड़
करते,कर
जाएगा,जा
विवादित,विवाद
स्थिरता,स्थिर
लोगो,लोग
रखने,रख
प्रदर्श्ना,प्रदर्श्न
संभालेगे,संभाल
राष्ट्रीय,राष्ट्र
परिस्थितियो,परिस्थिति
संभालने,संभाल
चुनौतियो,चुनौती
समस्याअाे,समस्या
राज्यो,राज्य
ढूंढने,ढूंढ
संभालेगे,संभाल
पाने,पा
गलती,गलत
अारोपो,अारोप
अधिकारियो,अधिकारी
जिसके,जिस
भारतीय,भारत
नाटकीय,नाटक
डालने,डाल
परिजनो,परिजन
छोड़ने,छोड़
प्रतिनिधियो,प्रतिनिधि
नौकरियों,नौकरी
इर्साइयो,इर्साइ
निंदनीय,निंदा
चुनावो,चुनाव
सकेगी,सके
बैठे,बैठ
अपराधी,अपराध
चढ़ेगा,चढ़
जाएगी,जा
समझ्ािए,समझ
मानवता,मानव
पकड़कर,पकड़
हमारी,हम
प्रचारक,प्रचार
प्रभावित,प्रभाव
राजनीतिक,राजनीति
संभालेगे,संभाल
नेताअाे,नेता
स्थितियो,स्थिति
तलाश्नो,तलाश
रहेगे,रह
संभालने,संभाल
मंत्र्यााेि,मंत्र्ी
बहुमुखी,बहुमुख
रही,रह
महिलाअाे,महिला
असमर्थ्ा,असमर्थ
बनाइर्,बना
संसदीय,संसद
अध्यक्ष्ा,अध्यक्ष
कहा ,कह
मानवाधिकारो,मानवाधिकार
तथ्यो,तथ्य
वासियो,वासी
प्रौद्योगिकी,प्रौद्योगिक
परियोजनाएं,परियोजना
बांटा,बांट
जातियो,जाति
संस्थाअाे,संस्था
पहाड़ियो,पहाड़ी
हेलीकाप्टरो,हेलीकाप्टर
पुष्पो,पुष्प
युवको,युवक
दौड़ाइर्,दौड़
अस्पतालो,अस्पताल
अारोपियो,अारोपी
चिल्लाती,चिल्ला
सर्मथकों,सर्मथक
कंजूसी,कंजूस
वैज्ञ्ाानिकों,वैज्ञ्ाानिक
जाना,जा
हार्मोनो,हार्मोन
पत्र्काारो,पत्र्काार
मालाअाे,माला
पटाख्ो,पटाखा
एजेसियों,एजेसी
सूत्र्ााे,सूत्र
अाश्वासनो,अाश्वासन
अौपचारिकता,अौपचारिक
अध्यक्ष्ताा,अध्यक्ष
असाधारण्ा,असाधारण
तकनीकी,तकनीक
सिफारिश्ााे,सिफारिश
अतिथियों,अतिथि
मौजूदगी,मौजूद
दिवसीय,दिवस
गजलो,गजल
कव्वालियो,कव्वाली
दूतावासो,दूतावास
वाण्ािज्यिक,वाण्ािज्य
अाएगी,अा
प्रतिबद्धता,प्रतिबद्ध
देने,दे
वर्गों,वर्ग
प्रतिष्ठानो,प्रतिष्ठान
पाबंदी,पाबंद
अनुसूचित,अनुसूची
विद्रोहियो,विद्रोह
फलस्तीनी,फलस्तीन
पीड़ितो,पीड़ित
कठिनाइयो,कठिन
राते,रात
गुजारेगे,गुजार
समर्थित,समर्थ
तंबुअाे,तंबु
अाश्वासनो,अाश्वासन
उपनिदेश्का,उपनिदेश्क
प्रासंगिकता,प्रासंगिक
सिफारिश्ााे,सिफारिश
विवरण्ााे,विवरण
वर्गों,वर्ग
असामयिक,असमय
भाइयो,भाइी
ताकतो,ताकत
अखबारो,अखबार
नजरिये,नजर
विद्यार्थियो ,विद्यार्थी
कारण्ााे,कारण
जातियो,जाति
डाक्टरो,डाक्टर
कालेजो,कालेज
सेवाएं,सेवा
प्राथमिकता,प्राथमिक
हड़ताली,हड़ताल
रोगियो,रोगी
सदस्यता,सदस्य
उग्रवादियो,उग्रवादी
उपभोक्ताअाे,उपभोक्ता
टिकटो,टिकट
गुमश्दाुगी,गुमश्दा
निष्कर्षों,निष्कर्ष
सदनो,सदन
सुनी,सुन
बनने,बन
तटों,तट
स्‍थित,स्थित
मंडराने,मंडरा
रखेगी,रख
चलती,चल
श्रृंखलाओं,श्रृंखला
लगते,लग
आने,आ
बचाया,बचा
मैगज़ीन,मैगजीन
खुला,खुल
राइफलें,राइफल
सुनाने,सुना
वास्‍तु,वास्तु
जगहों,जगह
योजनाओं,योजना
ननों,नन
मतभेदों,मतभेद
जुटाने,जुटा
लगाने,लगा
लगे,लग
वस्‍तुएं,वस्तु
निक्‍को,निक्को
घटाने,घटा
जजों,जज
चेताया,चेता
वैज्ञानिकों,वैज्ञानिक
क्षणों,क्षण
आसनों,आसन
उछलकर,उछल
मल्‍लों,मल्ला
पकड़,पकड
स्‍तूप,स्तूप
अफसरों,अफसर
चाहता,चाह
अफरा,अफर
निहारना,निहार
थोड़ा,थोडा
पहुँचाई,पहुँचा
फेंका,फेंक
लगीं,लग
बजती,बज
करवाने,करवा
राजाओं,राजा
टिप्पणियां,टिप्पणी
अस्‍थियों,अस्थि
फेंके,फेंक
कराके,कर
मंदिरों,मंदिर
प्रयासों,प्रयास
टिप्पणियों,टिप्पणी
दिखती,दिख
ऋषियों,ऋषि
मनाया,मना
सदनों,सदन
पहुँचने,पहुँच
मारा,मार
मिले,मिल
दबे,दब
छोड़कर,छोड़
राजनीतिकों,राजनीतिक
अनुभवों,अनुभव
दिए,दे
पत्रकारों,पत्रकार
आरोपियों,आरोपी
भीगकर,भीग
कपड़ों,कपडा
मुलाकातियों,मुलाकाती
महफूज़,महफूज
जानने,जान
रखी,रख
ग्रेडों,ग्रेड
डाले,डाल
बुजुर्गों,बुजुर्ग
मेरी,मैं
छोड़कर,छोड
मानी,मान
यज्ञों,यज्ञ
संस्थाओं,संस्था
करनी,कर
मेरे,मैं
कहे,कह
बढ़ता,बढ
बिछाई,बिछा
फैसलों,फैसला
प्रताड़ना,प्रताडना
उठाते,उठा
फैले,फैल
जलाकर,जला
विषयों,विषय
रोकने,रोक
करूंगा,कर
मुलाजिमों,मुलाजिम
कथाओं,कथा
ट्रेडर्स,ट्रेडर
लहरों,लहर
कंपनियां,कंपनी
महत्‍व,महत्व
जिन्हें,जो
मारने,मार
दिलाएगी,दिला
रहे,रह
देखकर,देख
सरकारों,सरकार
पड़े,पड
आव्रजकों,आव्रजक
पीने,पी
बयानों,बयान
सुनाएगी,सुना
आदिवासियों,आदिवासी
हिदायतें,हिदायत
चयनकर्ताओं,चयनकर्ता
सका,सक
बंदूकों,बंदूक
डालते,डाल
चलाई,चला
हुई,हो
नियुक्तियों,नियुक्ति
बँधी,बँध
चुने,चुन
क्षेत्रों,क्षेत्र
पहनकर,पहन
बी.,बी
लाइनें,लाइन
मिलेगा,मिल
भरे,भर
नीतियों,नीति
आइए,आ
पहुंचे,पहुंच
गुस्साए,गुस्सा
सूअरों,सूअर
कोशिशों,कोशिश
जताते,जता
अटके,अटक
खोलेगा,खोल
परियोजनाएं,परियोजना
इराकियों,इराकी
तत्वों,तत्व
पत्थरों,पत्थर
मिलकर,मिल
सौदों,सौदा
बरती,बरत
पाना,पा
विवादों,विवाद
"1,00,000",100000
उभरे,उभर
जुटाए,जुटा
तथ्यों,तथ्य
डॉक्टरों,डॉक्टर
बरतते,बरत
खरीदने,खरीद
रहेगी,रह
भड़काया,भड़का
सरकारें,सरकार
पड़ेगा,पड़
खोले,खोल
बनाने,बना
माने,मान
चढ़े,चढ़
परिसंपत्तियाँ,परिसंपत्ति
दुष्परिणामों,दुष्परिणाम
एजेंसियों,एजेंसी
स्थानों,स्थान
पकड़ने,पकड
धातुओं,धातु
पौधों,पौधा
पहाड़ी,पहाडी
दर्शनार्थियों,दर्शनार्थी
बिठाने,बिठा
गुफाओं,गुफा
मिलेगी,मिल
कंपनियों,कंपनी
जिन्होंने,जो
पत्‍थर,पत्थर
रोज़गार,रोजगार
मेरा,मैं
देते,दे
कोशिशें,कोशिश
दुकानें,दुकान
मिलते,मिल
दोषियों,दोषी
चारों,चार
छिपा,छिप
पदार्थो,पदार्थ
जोड़ा,जोड
जानी,जा
जोड़कर,जोड़
अपराधियों,अपराधी
सकतीं,सक
मकानों,मकान
किसानों,किसान
परिसरों,परिसर
खींचने,खींच
घरों,घर
सेवाएं,सेवा
वायुसैनिकों,वायुसैनिक
माना,मान
विशिष्‍ट,विशिष्ट
खादों,खाद
फंसे,फँस
बनानी,बना
दिखाया,दिखा
दावेदारों,दावेदार
भागा,भाग
निदेशकों,निदेशक
उपक्रमों,उपक्रम
करते,कर
जेलों,जेल
मांगने,मांग
बेरोजगारों,बेरोजगार
मान्‍यता,मान्यता
दें,दे
लड़कियों,लड़की
लड़,लड
निकला,निकल
भेजी,भेज
विमानों,विमान
करती,कर
ट्रैकों,ट्रैक
जाएं,जा
कराने,करा
शवों,शव
पाये,पा
कराएगी,करा
कराए,करा
मनाएंगे,मना
छिपकर,छिप
घूमने,घूम
रूपों,रूप
पड़ी,पड़
महिलाएं,महिला
दायित्वों,दायित्व
बढ़ेगी,बढ़
विद्रोहियों,विद्रोही
जिसकी,जो
पदार्थों,पदार्थ
करके,कर
अरबों,अरब
सौंपे,सौंप
जिनका,जो
हिस्‍से,हिस्सा
बढ़ाना,बढ़ा
बड़ा,बडा
डालने,डाल
लगाए,लगा
प्रत्यक्षदर्शियों,प्रत्यक्षदर्शी
घटाए,घटा
रुपयों,रुपया
गतिविधियों,गतिविधि
पहुँचें,पहुँच
विज्ञापनों,विज्ञापन
फिजीशियंस,फिजीशियन
जिसने,जो
हमलावरों,हमलावर
यादों,याद
वनों,वन
लेना,ले
जानती,जान
चाहा,चाह
दिलाते,दिला
गुजारनी,गुजार
सुरम्‍य,सुरम्
ठहरें,ठहर
स्‍थान,स्थान
किया,कर
आपत्तियों,आपत्ति
उठाना,उठा
ठुकराए,ठुकरा
लौटने,लौट
भेजने,भेज
शिकायतें,शिकायत
उठाया,उठा
रहेगा,रह
चित्रों,चित्र
याचियों,याची
महिलाओं,महिला
मरने,मर
बनाता,बना
मैंने,मैं
देवताओं,देवता
फटने,फट
बागवानों,बागवान
शहरों,शहर
सड़कों,सडक
बिखेरकर,बिखेर
स्थितियों,स्थिति
ऋणों,ऋण
आशंकाओं,आशंका
देती,दे
दशकों,दशक
चलाया,चला
करों,कर
घुटते,घुट
परिसंपत्तियों,परिसंपत्ति
अटकलें,अटकल
आश्वासनों,आश्वासन
लगने,लग
बढ़ाने,बढा
अर्थों,अर्थ
हिंदुओं,हिंदू
फैला,फैल
रखना,रख
अलापते,अलाप
ज्‍यादा,ज्यादा
समेटे,समेट
प्रस्तावों,प्रस्ताव
घटाया,घटा
कार्यालयों,कार्यालय
होता,हो
देगी,दे
महाजनपदों,महाजनपद
तत्‍कालीन,तत्कालीन
विद्वानों,विद्वान
सेनाओं,सेना
वादों,वादा
रचाई,रचा
जाएगा,जा
क्रॉप्स,क्रॉप
"१०,०००",१००००
निकाली,निकाल
करता,कर
मार्गों,मार्ग
घायलों,घायल
मिलाकर,मिला
सटी,सट
मतों,मत
अभियानों,अभियान
रिलीज़,रिलीज
सकें,सक
अष्‍टधातु,अष्टधातु
बिना,बिन
मरीज़ों,मरीज
जाते,जा
लहरें,लहर
कठिनाईयों,कठिनाई
लगाई,लगा
समर्थकों,समर्थक
बदलते,बदल
कारों,कार
बजे,बज
गोलियाँ,गोली
टूटकर,टूट
निकलीं,निकल
तलाशने,तलाश
दलों,दल
धर्मशालाओं,धर्मशाला
धमाकों,धमाका
कराएगा,करा
विशेषताओं,विशेषता
पूर्वजों,पूर्वज
पड़ने,पड़
वालों,वाला
लड़कियां,लड़की
लगा,लग
हटाने,हटा
बताए,बता
बहनों,बहन
सड़कें,सडक
मस्जिदों,मस्जिद
स्‍टेशन,स्टेशन
उठाई,उठा
प्राथमिकताएं,प्राथमिकता
मुश्किलों,मुश्किल
रहकर,रह
जाय,जा
जिनकी,जो
कपड़े,कपडा
जिसमें,जो
माओवादियों,माओवादी
छपी,छप
मूर्तियाँ,मूर्ति
निकाले,निकाल
कमरों,कमर
पुरुषों,पुरुष
आई,आ
सुलझाने,सुलझा
मानते,मान
लाई,ला
अन्तर्राष्ट्रीय,अंतर्राष्ट्रीय
उड़ाने,उड़ा
खुले,खुल
सुधारने,सुधार
"४,०००",४०००
जीने,जी
ग़ैर,गैर
उपायों,उपाय
चुका,चुक
बदलने,बदल
कहलाएँगे,कहला
आवाजें,आवाज
मची,मच
इजाज़त,इजाजत
ठहाकों,ठहाका
बुलाई,बुला
उपलब्‍ध,उपलब्ध
डिज़ाइन,डिजाइन
लिया,ले
जैसा,जो
मछलियों,मछली
लगाया,लगा
भरा,भर
निकले,निकल
मसलों,मसला
रिपोर्टों,रिपोर्ट
हिलने,हिल
जुड़ी,जुड़
प्रमुखों,प्रमुख
अपनाने,अपना
करेगी,कर
सड़कें,सड़क
होगी,हो
पूर्ववर्तियों,पूर्ववर्ती
तोड़,तोड
चर्चों,चर्च
लड़ने,लड
अच्‍छा,अच्छा
देखता,देख
परिव्राजकों,परिव्राजक
जाएँगे,जा
आया,आ
जाया,जा
सभी,सब
खिड़कियां,खिड़की
बनना,बन
"१६,९०६",१६९०६
नियमों,नियम
मानवशास्त्रियों,मानवशास्त्री
खेतों,खेत
हटने,हट
स्तंभों,स्तंभ
लड़ने,लड़
पैकेजों,पैकेज
विदेशियों,विदेशी
बढ़ाकर,बढ़ा
छेड़े,छेड़
मूल्यों,मूल्य
हटाना,हटा
मांगी,मांग
पाए,पा
मांगे,मांग
समूहों,समूह
झड़पों,झड़प
रहता,रह
मानने,मान
प्रावधानों,प्रावधान
कर्मचारियों,कर्मचारी
रुकी,रुक
होनी,हो
लहराया,लहरा
हटा,हट
दूंगा,दे
संस,सन
निकालना,निकाल
कीमतों,कीमत
लूटने,लूट
जिलों,जिला
होना,हो
खाते,खा
जताई,जता
वसूलने,वसूल
रहते,रह
मंत्रियों,मंत्री
किसे,कौन
छाए,छा
पड़ता,पड़
खिलाफ़,खिलाफ
चुकाने,चुका
स्थलों,स्थल
पहुँचाने,पहुँचा
निकलकर,निकल
झाड़ने,झाड़
पहनने,पहन
लड़कों,लड़का
छाये,छा
जताया,जता
परिस्थितियों,परिस्थिति
हूँ,है
जुड़े,जुड़
चाहती,चाह
छिपी,छिप
वर्षों,वर्ष
लाशों,लाश
कैदियों,कैदी
आँकी,आँक
बढ़ने,बढ़
धर्मावलंबियों,धर्मावलंबी
डूबे,डूब
भरने,भर
खबरें,खबर
आवासों,आवास
देखे,देख
गीतों,गीत
फैलाने,फैला
सौजन्‍य,सौजन्य
चलाने,चला
सालों,साल
हमने,हम
"1,500",1500
भराकर,भरा
उठे,उठ
स्‍वरूप,स्वरूप
दौड़ाकर,दौड़ा
करेंगे,कर
आना,आ
एकतरफा,एक
सकती,सक
पाटने,पाट
संस्थानों,संस्थान
हालात,हाल
बातें,बात
कारनामों,कारनामा
लगाते,लगा
फव्वारों,फव्वारा
बच्चों,बच्चा
एकड़,एकड
करवाकर,कर
रहें,रह
आपकी,आप
पहुँचेगा,पहुँच
कराई,करा
परियोजनाओं,परियोजना
संगठनों,संगठन
उठाएंगे,उठा
हमारे,हम
क़ीमत,कीमत
जाती,जा
डाला,डाल
पाता,पा
साढ़े,साढे
भरेंगे,भर
भागने,भाग
उठा,उठ
भूलीं,भूल
सबके,सब
करूँगी,कर
पहने,पहन
शेयरों,शेयर
प्राप्‍त,प्राप्त
रहेंगी,रह
बढ़ावा,बढावा
गुस्साई,गुस्सा
करवाने,कर
डेढ़,डेढ
बौछारें,बौछार
भांपते,भांप
बनाए,बना
भेजा,भेज
नक़द,नकद
देखना,देख
चलकर,चल
सिखों,सिख
लिखकर,लिख
चुना,चुन
लाएगा,ला
टीमें,टीम
गवाक्षों,गवाक्ष
पाएगी,पा
बलों,बल
छात्रों,छात्र
लिखने,लिख
देना,दे
मोटर्स,मोटर
परखा,परख
रखा,रख
जाने,जा
नज़र,नजर
चलानी,चला
"19,401",19401
बताई,बता
अधिकरणों,अधिकरण
रही,रह
परंपराएं,परंपरा
तीनों,तीन
यादें,याद
मिनटों,मिनट
बौखलाए,बौखला
निकायों,निकाय
महीनों,महीना
लेगी,ले
क़ायम,कायम
भड़की,भडक
खरीदे,खरीद
आकर,आ
कड़े,कडा
नागरिकों,नागरिक
मरीज़,मरीज
कूदने,कूद
टिकी,टिक
रची,रच
लेने,ले
देकर,दे
"१२,८२५",१२८२५
मिलती,मिल
बीते,बीत
हूं,है
घंटियाँ,घंटी
पहुंचा,पहुंच
जरूरतों,जरूरत
भव्‍य,भव्
आएगा,आ
दोनों,दो
मुझे,मैं
उतरेगा,उतर
खोते,खो
बना,बन
संवाददाताओं,संवाददाता
परोसा,परोस
उम्मीदें,उम्मीद
देगा,दे
छिपाने,छिपा
बख्शा,बख्श
मंडियों,मंडी
चीजों,चीज
अंगों,अंग
घटकर,घट
अवरोधों,अवरोध
विस्फोटों,विस्फोट
मनाने,मना
पुलों,पुल
"६५,३००",६५३००
डालकर,डाल
हसरतें,हसरत
रखते,रख
बचने,बच
मारकर,मार
कुचले,कुचल
भारतवासियों,भारतवासी
बरतनी,बरत
ठहरने,ठहर
पूछा,पूछ
प्रतिनिधियों,प्रतिनिधि
निर्यातकों,निर्यातक
निकालने,निकाल
पाएगा,पा
लकड़ी,लकडी
इकाइयों,इकाई
मुलाक़ात,मुलाकात
"६०,३००",६०३००
रहेंगे,रह
सुनेंगे,सुन
उर्वरकों,उर्वरक
न्यायाधीशों,न्यायाधीश
रोका,रोक
दिल्‍ली,दिल्ली
सदियों,सदी
खामियाँ,खामी
अदालतों,अदालत
सैनिकों,सैनिक
जिन,जो
उछाली,उछाल
बनाकर,बना
अभी,अब
डूबने,डूब
जनशिकायतों,जनशिकायत
बताया,बता
स्रोतों,स्रोत
छोड़ी,छोड़
कारतूसों,कारतूस
हितों,हित
मिलेंगी,मिल
गाँवों,गाँव
लाना,ला
हफ्तों,हफ्ता
घिरे,घिर
खोली,खोल
पड़ेगी,पड़
"४,९१०",४९१०
अठखेलियाँ,अठखेली
मूर्तियों,मूर्ति
लपटें,लपट
उबारने,उबार
खुलेंगे,खुल
बदलेगी,बदल
उपकरणों,उपकरण
छेड़ा,छेड़
घटने,घट
व्‍यवस्‍था,व्यवस्था
टाइगर्स,टाइगर
चलता,चल
मिटाया,मिटा
सुने,सुन
दोहराई,दोहरा
बचाने,बचा
लोगों,लोग
देंगे,दे
मतदाताओं,मतदाता
कछुओं,कछुआ
अधिकारों,अधिकार
बातों,बात
लानी,ला
दिखता,दिख
देता,दे
देखेंगे,देख
डॉक्टर्स,डॉक्टर
मामलों,मामला
उकसाया,उकसा
समझा,समझ
बिताने,बिता
खाना,खा
घटकों,घटक
"६३,०००",६३०००
बिगड़,बिगड
कहना,कह
उठती,उठ
पैरों,पैर
वामदलों,वामदल
लटके,लटक
अपनाता,अपना
बढ़े,बढ़
मिलना,मिल
लेकर,ले
भग्‍नावशेष,भग्
चले,चल
खींचता,खींच
तोड़ना,तोड़
बढ़ना,बढ़
बढ़ाया,बढ़ा
"२७,८२८९९",२७८२८९९
पड़,पड
अपनाया,अपना
सुनाई,सुना
रहने,रह
स्मृतियों,स्मृति
जाएंगे,जा
फसलों,फसल
पैकेटों,पैकेट
विस्‍तार,विस्तार
जोड़ने,जोड़
बैठकों,बैठक
सुविधाओं,सुविधा
पहलुओं,पहलू
सांसदों,सांसद
रोकते,रोक
उपभोक्ताओं,उपभोक्ता
रुकने,रुक
बूंदों,बूंद
पाने,पा
मिलने,मिल
सीरीज़,सीरीज
उठाए,उठा
दिल्लीवासियों,दिल्लीवासी
जिसे,जो
जाये,जा
मछलियाँ,मछली
लाया,ला
सीटों,सीट
उत्पादों,उत्पाद
पुलिसकर्मियों,पुलिसकर्मी
चली,चल
बताते,बता
बसें,बस
बनाएगी,बना
मछुआरों,मछुआरा
छोड़े,छोड
खोलने,खोल
उतारकर,उतार
सुना,सुन
झाँकने,झाँक
बुलाने,बुला
महिलाएँ,महिला
पीकर,पी
पापों,पाप
बनेगा,बन
जाने,जान
मौलानाओं,मौलाना
बुलाया,बुला
आतंकियों,आतंकी
सकेगी,सक
तक़नीकी,तकनीकी
बढ़ता,बढ़
नौकरियों,नौकरी
चुनौतियों,चुनौती
दिनों,दिन
कर्मियों,कर्मी
वाशिंदों,वाशिंदा
तोड़ने,तोड
हमारा,हम
जवानों,जवान
बचाई,बचा
पार्टियों,पार्टी
चूके,चूक
मुद्दों,मुद्दा
विशेषज्ञों,विशेषज्ञ
"६,५२१",६५२१
सैलानियों,सैलानी
लगेगा,लग
नुक़सान,नुकसान
सुविधाएं,सुविधा
दिक्कतों,दिक्कत
मिली,मिल
खतरों,खतरा
हाथों,हाथ
पदों,पद
सुरक्षाबलों,सुरक्षाबल
पहुंची,पहुंच
आता,आ
तारों,तार
ट्रेनों,ट्रेन
अंडमानीज,अंडमानी
कहा,कह
करोड़,करोड
जीता,जीत
पाई,पा
जाएँगी,जा
छुट्टियां,छुट्टी
सौंपा,सौंप
चुके,चुक
"७७,०००",७७०००
"55,000",55000
चोटियों,चोटी
हत्याएं,हत्या
लड़ाई,लडाई
किए,कर
थीं,था
गरीबों,गरीब
निभाएँगी,निभा
बनाना,बना
मेजें,मेज
जिससे,जो
जिनमें,जो
बीमारियों,बीमारी
अफवाहें,अफवाह
खुलकर,खुल
भेजे,भेज
स्‍थापत्‍य,स्थापत्य
पाएंगे,पा
जुड़ा,जुड़
बंटे,बंट
करना,कर
होती,हो
होते,हो
धर्मों,धर्म
आरोपों,आरोप
"२७,६००",२७६००
करें,कर
स्‍थानों,स्थान
यही,यह
झेलने,झेल
जिसका,जो
भिक्षुओं,भिक्षु
नियंत्रकों,नियंत्रक
हों,है
रहा,रह
यात्राएं,यात्रा
टहलीं,टहल
जानते,जान
आए,आ
पड़े,पड़
बीतने,बीत
पहुंचने,पहुंच
किसी,कोई
निभाने,निभा
उठाएं,उठा
संस्‍था,संस्था
मिला,मिल
तड़के,तडके
मालों,माल
गिराने,गिरा
गड़बड़ियाँ,गडबडी
यात्रियों,यात्री
अड्डों,अड्डा
मिटाने,मिटा
पहुँचा,पहुँच
चलतीं,चल
कल्पनाओं,कल्पना
मिलता,मिल
राजधानियों,राजधानी
आयोजकों,आयोजक
दिशाओं,दिशा
लेता,ले
निपटने,निपट
जगे,जग
व्यक्तियों,व्यक्ति
जूझना,जूझ
भत्तों,भत्ता
कार्यों,कार्य
अनेकों,अनेक
पत्‍थरों,पत्थर
निर्देशों,निर्देश
अधिकारियों,अधिकारी
देने,दे
बढ़ी,बढ़
बहने,बह
अटकलों,अटकल
रखने,रख
दिखाई,दिख
पहचानने,पहचान
घूमा,घूम
हथियारों,हथियार
कार्यकर्ताओं,कार्यकर्ता
थपथपाकर,थपथपा
सकता,सक
ठगा,ठग
मातृकाएँ,मातृका
सुनने,सुन
जाएगी,जा
बताने,बता
दंगों,दंग
भस्‍मों,भस्म
बांधना,बांध
आपका,आप
धरने,धर
हुए,हो
दरों,दर
भुगतने,भुगत
संभावनाएं,संभावना
पहनना,पहन
लिखा,लिख
जाएंगी,जा
करने,कर
चुकी,चुक
होकर,हो
सबको,सब
इलाकों,इलाका
रहती,रह
दिखाता,दिखा
करे,कर
घटाकर,घटा
पाते,पा
सटे,सट
उग्रवादियों,उग्रवादी
शिकायतों,शिकायत
देखी,देख
श्रद्धालुओं,श्रद्धालु
रहीं,रह
जिसके,जो
चलने,चल
सपनों,सपना
अल्पसंख्यकों,अल्पसंख्यक
साथियों,साथी
अस्पतालों,अस्पताल
चट्टानों,चट्टान
लहराते,लहरा
संभाले,संभाल
लाने,ला
शर्तो,शर्त
खाद्यान्नों,खाद्यान्न
श्रमिकों,श्रमिक
वाकआउट,वाक
सुनाया,सुना
मज़हबी,मजहबी
जिस,जो
मुनियों,मुनि
संसाधनों,संसाधन
बनती,बन
समस्याओं,समस्या
रखे,रख
ग्राहकों,ग्राहक
तकनीकों,तकनीक
हमलों,हमला
नेताओं,नेता
लगवाएँ,लगवा
बचे,बच
जाना,जान
लाइनों,लाइन
चाहेंगे,चाह
माँगेगा,माँग
सुविधाएँ,सुविधा
जोड़कर,जोड
कोसते,कोस
"१४,५००",१४५००
मानना,मान
सिफारिशों,सिफारिश
जड़ें,जड़
निकलने,निकल
हुआ,हो
मंत्रों,मंत्र
बुलाकर,बुला
नूडल्स,नूडल
संप्रदायों,संप्रदाय
उतारे,उतार
पहुंचाने,पहुंचा
पुरातत्‍ववेत्‍ता,पुरातत्ववेत्ता
बढ़ती,बढ़
खर्चों,खर्चा
संबंधों,संबंध
डालिए,डाल
कार्रवाईयां,कार्रवाई
बनाये,बना
फैलाकर,फैला
हजारों,हजार
लौटाना,लौटा
दरें,दर
दमकलकर्मियों,दमकलकर्मी
फसलें,फसल
विदेशों,विदेश
खोलकर,खोल
पूछने,पूछ
समानताएं,समानता
पायलेटों,पायलेट
नक्सलियों,नक्सली
देनी,दे
अंकों,अंक
किये,कर
लेते,ले
जिनको,जो
पड़ा,पड़
कागजों,कागज
टूटने,टूट
पड़ती,पड़
फोड़कर,फोड़
सेवाओं,सेवा
रहना,रह
स्‍थानीय,स्थानीय
बढ़ाने,बढ़ा
लगाकर,लगा
पक्षों,पक्ष
विष्‍णु,विष्णु
मिलाने,मिला
हमें,हम
खिलाड़ियों,खिलाडी
भस्‍म,भस्म
"२८,२७६",२८२७६
बढ़ोतरी,बढोतरी
लिखे,लिख
आवश्यकताओं,आवश्यकता
मानकों,मानक
करेंगी,कर
चाहते,चाह
बढ़ने,बढ
मारे,मार
चर्चाएं,चर्चा
होने,हो
ध्‍यान,ध्यान
जंगलों,जंगल
लगेंगे,लग
संभावनाओं,संभावना
करेगा,कर
भंडाफोड़,भंडाफोड
कैंपों,कैंप
कराना,करा
कराया,करा
कठिनाइयों,कठिनाई
सीटें,सीट
लाएगी,ला
दौड़ाई,दौड़ा
दिलाई,दिला
दिया,दे
चलेगी,चल
कहती,कह
बड़ी,बडा
लिखता,लिख
भवें,भौं
भारतीयों,भारतीय
देशों,देश
लिए,ले
लगता,लग
पाया,पा
सूत्रों,सूत्र
झरनों,झरना
पालिकाओं,पालिका
वाहनों,वाहन
पर्यटकों,पर्यटक
विकल्पों,विकल्प
जमाया,जमा
काब़िज़,काबिज
लक्ष्यों,लक्ष्य
हटती,हट
मिलीं,मिल
राज्यों,राज्य
जंक्‍शन,जंक्शन
मंचों,मंच
सवालों,सवाल
बेचने,बेच
निपटाया,निपटा
ताकता,ताक
देखा,देख
भरी,भर
भड़कने,भडक
डाली,डाल
लगती,लग
बोले,बोल
संस्‍कार,संस्कार
कही,कह
कारणों,कारण
दीवारों,दीवार
सकी,सक
बनाया,बना
खुलती,खुल
रिश्तेदारों,रिश्तेदार
बनी,बन
व्यापारियों,व्यापारी
समुदायों,समुदाय
गढ़,गढ
हैं,है
वही,वह
दिखा,दिख
निभाते,निभा
सौंपेंगे,सौंप
जाकर,जा
योजनाएं,योजना
परिजनों,परिजन
भीड़,भीड
दुकानों,दुकान
जाता,जा
दिखाई,दिखा
भड़काने,भड़का
बनीं,बन
दिलाया,दिला
गुजारने,गुजार
आपके,आप
देखते,देख
शिलाखंडों,शिलाखंड
बरतने,बरत
लाखों,लाख
कोनों,कोना
लेनी,ले
वारदातों,वारदात
निभाएंगे,निभा
बढ़ती,बढ
विद्यार्थियों,विद्यार्थी
सलाहों,सलाह
बनाते,बना
ऑडिटरों,ऑडिटर
सकूंगी,सक
खिसकती,खिसक
केंद्रों,केंद्र
सुझाए,सुझा
सदस्यों,सदस्य
"५,२९३",५२९३
देखने,देख
बने,बन
कराते,करा
ढूंढ़ने,ढूंढ़
पीपुल्स,पीपुल
गर्मियों,गर्मी
होगा,हो
कहूंगा,कह
द्रविड़,द्रविड
मुठभेड़,मुठभेड
जनजातियों,जनजाति
कहने,कह
लाये,ला
अनियमितताओं,अनियमितता
कहते,कह
विचारों,विचार
चला,चल
निकाला,निकाल
किश्तों,किश्त
दर्शाती,दर्शा
होटलों,होटल
बंदिशें,बंदिश
लेंगे,ले
पौने,पौन
चुनावों,चुनाव
आते,आ
बांटा,बांट
दुकानदारों,दुकानदार
मछुआरों,मछुआर
मुस्लिमों,मुस्लिम
मुझसे,मैं
पूछे,पूछ
जोरों,जोर
बैठे,बैठ
खींचना,खींच
फिल्मों,फिल्म
कार्यो,कार्य
बिखरे,बिखर
सकेगा,सक
गाड़ियां,गाड़ी
बढ़ा,बढा
होंगी,हो
चैत्‍य,चैत्य
जुड़ने,जुड़
पशुओं,पशु
दीं,दे
जलकर,जल
बहा,बह
गेंदबाजों,गेंदबाज
जाए,जा
बढ़कर,बढ़
गुजरती,गुजर
आंकड़ों,आंकड़ा
जाना,जा
दंगों,दंगा
हमारी,हम
मशीनें,मशीन
डलवाने,डलवा
जेलकर्मियों,जेलकर्मी
मशीनों,मशीन
संघर्षो,संघर्ष
भागे,भाग
होंगे,हो
ठहराया,ठहरा
सौंपी,सौंप
सके,सक
नामों,नाम
सकते,सक
बंधा,बँध
गड़बड़ाए,गडबडा
खंडों,खंड
रखता,रख
दुर्भावनाओं,दुर्भावना
लगी,लग
ठहरे,ठहर
"70,000",70000
"३३,४८२",३३४८२
अत्‍यंत,अत्यंत
सिक्‍के,सिक्
निष्कर्षों,निष्कर्ष
दिलाएगा,दिला
लौटकर,लौट
परंपराओं,परंपरा
"5,000",5000
धातुएं,धातु
सुनी,सुन
पायी,पा
मचा,मच
खाड़ी,खाडी
यूनिटों,यूनिट
मिलूंगी,मिल
बनने,बन
तटों,तट
थानों,थाना
छिड़े,छिड
बांटे,बांट
भाषाएं,भाषा
अड़कर,अड़
छोड़ना,छोड़
हत्यारों,हत्यारा
विचारधाराओं,विचारधारा
करवाना,करवा
नतीजों,नतीजा
सभाएं,सभा
रखेगी,रख
नैय्या,नैया
मंडराने,मंडरा
निर्दलीयों,निर्दलीय
चलती,चल
हेलीकॉप्टर्स,हेलीकॉप्टर
सोते,सो
"७७,४५५",७७४५५
उभरती,उभर
मोटरसाइकिल्स,मोटरसाइकिल
उठेंगे,उठ
स्कीमों,स्कीम
जलता,जल
दबोचा,दबोच
लड़की,लडकी
लगते,लग
निबटाने,निबटा
वर्षीया,वर्षीय
खातों,खाता
आने,आ
खोजने,खोज
धरोहरों,धरोहर
बचाया,बचा
कीटनाशकों,कीटनाशक
स्‍थापित,स्थापित
पहुंचाया,पहुंचा
मैगज़ीन,मैगजीन
उभरेगी,उभर
छीनने,छीन
नौसैनिकों,नौसैनिक
खुला,खुल
दरवाज़ा,दरवाजा
प्‍याला,प्याला
छाया,छा
सुनाने,सुना
जगहों,जगह
पलड़ा,पलडा
गूंजने,गूंज
बचाकर,बचा
अंशों,अंश
योजनाओं,योजना
तकनीक़ी,तकनीकी
कद्दारों,कद्दार
लिफाफों,लिफाफा
छोड़ना,छोड
प्लेटफॉर्मो,प्लेटफॉर्म
रिश्तों,रिश्ता
रैलियों,रैली
खेले,खेल
क़रीबी,करीबी
नरकंकालों,नरकंकाल
जीतेंगीं,जीत
बिगड़नी,बिगड
जीतते,जीत
मतभेदों,मतभेद
चिल्लाती,चिल्ला
सकने,सक
गुफाएँ,गुफा
आएगी,आ
जुटाने,जुटा
लगाने,लगा
बढ़े,बढ
गुणों,गुण
लगे,लग
एग्ज़िबिशन,एग्जिबिशन
बंटेगा,बंट
स्‍पोर्टस,स्पोर्ट
चलेगा,चल
२५वीं,२५
दिखना,दिख
तुम्हारे,तुम
निकलता,निकल
पकाया,पका
गुज़रने,गुजर
बनवाने,बनवा
घटाने,घटा
जजों,जज
दर्श‍‍न,दर्श
जुटाना,जुटा
माफ़ी,माफी
चेताया,चेता
फोड़ा,फोड़
स्‍मृतियों,स्‍मृति
वैज्ञानिकों,वैज्ञानिक
अध्यापकों,अध्यापक
उलझने,उलझ
रसायनों,रसायन
सर्विसेज,सर्विस
जमी,जम
पकड़,पकड
सेवकों,सेवक
होड़,होड
छाई,छा
वायुयानों,वायुयान
युवतियां,युवती
निकली,निकल
रहूंगी,रह
चुकानी,चुका
स्टडीज़,स्टडी
बांछें,बांछ
अफ़ग़ानियों,अफ़ग़ानी
हारा,हार
भड़काया,भडक
अफसरों,अफसर
चाहता,चाह
सत्रों,सत्र
कमाने,कमा
सिखाया,सिखा
दिखाने,दिखा
जत्थेबंदियों,जत्थेबंदी
छतरियाँ,छतरी
निहारना,निहार
करवाए,करवा
थोड़ा,थोडा
पहुँचाई,पहुँचा
सौंपकर,सौंप
गवाने,गवा
सीखने,सीख
जमावड़ा,जमावडा
मंजिलें,मंजिला
क्लीनिकों,क्लीनिक
फूंककर,फूंक
काफ़ी,काफी
थमी,थम
फेंका,फेंक
बरपाना,बरपा
लगीं,लग
जटिलताओं,जटिलता
बजती,बज
आयकरदाताओं,आयकरदाता
घोषणाओं,घोषणा
करवाने,करवा
पुराणों,पुराण
आयुधों,आयुध
धमकियों,धमकी
राजाओं,राजा
ढलते,ढल
भोगने,भोग
चालकों,चालक
नगरों,नगर
विकलांगों,विकलांग
गिरफ्तारियां,गिरफ्तारी
नियुक्तियां,नियुक्ति
फिल्में,फिल्म
धड़े,धडे
चोटें,चोट
फेंके,फेंक
माँगने,माँग
कढ़ाई,कढाई
सुधरी,सुधर
उड़ाया,उडा
पन्नों,पन्ना
"८०,०००",८००००
गाँवों,गांव
लुटाने,लुटा
मनोवैज्ञानिकों,मनोवैज्ञानिक
प्रतियां,प्रति
भेजेगा,भेज
तुले,तुल
उलटपुलटकर,उलटपुलट
लड़कियाँ,लड़की
उठाता,उठा
इकाईयों,इकाई
डटे,डट
लाभों,लाभ
पहुंचेंगी,पहुंच
खिलाना,खिला
संवादाताओं,संवादाता
मंदिरों,मंदिर
ग्लोव्स,ग्लोव
प्रयासों,प्रयास
महासचिव,महसचिव
लौटे,लौट
बालाओं,बाला
तोड़ा,तोड़
दौड़ते,दौड़
पुरस्कारों,पुरस्कार
टिप्पणियों,टिप्पणी
व्यंजनों,व्यंजन
घरानों,घराना
उपासकों,उपासक
मनाया,मना
सदनों,सदन
जानकर,जान
रोको,रोक
पाकिस्तानियों,पाकिस्तानी
सुलझाया,सुलझा
बँटा,बँट
रमने,रम
लाए,ला
लगाइये,लगा
चेतावनियों,चेतावनी
बैठाया,बैठा
चाटनी,चाट
खदेड़ा,खदेड
बदशक्‍ल,बदशक्
मैंने,मै
काटकर,काट
राष्ट्रपतियों,राष्ट्रपति
डिजाइनरों,डिजाइनर
पहुँचने,पहुँच
मारा,मार
कृष्‍ण,कृष्ण
मोटरसाइकिलें,मोटरसाइकिल
अपनाए,अपना
काटे,काट
छात्राएं,छात्रा
टाला,टाल
मंगाए,मंगा
मिले,मिल
दबे,दब
बैण्ड,बैंड
शस्त्रों,शस्त्र
हिल्स,हिल
सिद्घांतों,सिद्घांत
उठाएगा,उठा
ज्यादतियों,ज्यादती
चलें,चल
बताता,बता
झगड़े,झगडा
छोड़कर,छोड़
हज़ारों,हजार
उठी,उठ
राजनीतिकों,राजनीतिक
बिगाड़,बिगाड
रमज़ान,रमजान
दृढ़ता,दृढता
अनुभवों,अनुभव
दिए,दे
टालने,टाल
कड़ी,कडा
बर्फ़,बर्फ
रिपोर्टो,रिपोर्ट
बांधा,बांध
समितियों,समिति
रेंजर्स,रेंजर
धमकाया,धमका
भिन्नताओं,भिन्नता
भड़के,भड़क
इरादों,इरादा
पत्रकारों,पत्रकार
आरोपियों,आरोपी
कार्यस्थलों,कार्यस्थल
अभ्यासों,अभ्यास
उम्मीदों,उम्मीद
जुड़ने,जुड
जड़ें,जड
कपड़ों,कपडा
बरता,बरत
बजाए,बजा
ढूँढ़,ढूँढ
केसों,केस
हेलीकॉप्टरों,हेलीकॉप्टर
छोड़ेंगे,छोड
कैडेट्स,कैडेट
वेंडरों,वेंडर
ज़रूरत,जरूरत
जानने,जान
रखी,रख
खिलाई,खिला
गाज़ियाबाद,गाजियाबाद
समारोहों,समारोह
डाले,डाल
हदों,हद
सफ़ल,सफल
बुजुर्गों,बुजुर्ग
रिकॉर्डों,रिकॉर्ड
मेरी,मैं
छोड़कर,छोड
बोतलों,बोतल
मानी,मान
बेटों,बेटा
दबाया,दबा
फैलना,फैल
आयवर्गवालों,आयवर्गवाला
छुट्टियाँ,छुट्टी
दबावों,दबाव
संस्थाओं,संस्था
गुज़ारा,गुजारा
खिंचवाए,खिँच
४.११,४.१
करनी,कर
लाता,ला
ब्रजवासियों,ब्रजवासी
जुटेंगे,जुट
धरे,धर
मेरे,मैं
बचती,बच
बैठकर,बैठ
अमीरों,अमीर
नापने,नाप
कहे,कह
बढ़ता,बढ
करुंगी,कर
छुपी,छुप
"6,500",6500
दवाओं,दवा
बिछाई,बिछा
अपनाते,अपना
घिरा,घिर
क़ामयाब,कामयाब
फैसलों,फैसला
कीमतें,कीमत
पहुंचाए,पहुंचा
लिखी,लिख
रखेंगे,रख
आज़ादी,आजादी
उठाते,उठा
नमाज़,नमाज
लड़ना,लड
प्रताड़ना,प्रताडना
फैले,फैल
विषयों,विषय
पकड़ती,पकड
जलाकर,जला
रोकने,रोक
जूझने,जूझ
करूंगा,कर
हुईं,हो
आयुक्तों,आयुक्त
कमांडरों,कमांडर
मुलाजिमों,मुलाजिम
क़दम,कदम
मिलाए,मिला
पट्टियां,पट्टी
बहकर,बह
लगानी,लगा
"१८,५८७",१८५८७
संपादकों,संपादक
युवकों,युवक
खोजी,खोज
कथाओं,कथा
जीतने,जीत
बनें,बन
सीज़न,सीजन
अमेरिकियों,अमेरिकी
भूलें,भूल
ट्रेडर्स,ट्रेडर
निर्दलियों,निर्दलिय
लहरों,लहर
झुकने,झुक
उड़ाकर,उड़ा
छिपाया,छिपा
कढ़ी,कढ
कंपनियां,कंपनी
प्रशंसकों,प्रशंसक
पहुंचाता,पहुंचा
बरपाया,बरपा
जिन्हें,जो
उबालकर,उबाल
ग्रामीणों,ग्रामीण
हटतीं,हट
छहों,छह
मारने,मार
रोज़,रोज
एजेंसिंयों,एजेंसी
पड़ोसी,पडोसी
बचना,बच
प्रश्नों,प्रश्न
अफगानिस्तानियों,अफगानिस्तानी
"७,४८०",७
प्रायोजकों,प्रायोजक
बोगियां,बोगी
बदलता,बदल
नावों,नाव
रहे,रह
रूका,रूक
देखकर,देख
सरकारों,सरकार
पड़े,पड
अच्‍छी,अच्छा
उठेगा,उठ
डूबते,डूब
आजमाना,आजमा
गुंडों,गुंडा
गायकों,गायक
शताब्‍दी,शताब्दी
वामपंथियों,वामपंथी
धूलकणों,धूलकण
ढ़ाई,ढाई
टकराने,टकरा
रोकना,रोक
बस्तियां,बस्ती
समझकर,समझ
क़ीमतों,कीमत
गाड़ियाँ,गाड़ी
विषाणुओं,विषाणु
सिखाने,सिखा
पीने,पी
प्रशासकों,प्रशासक
बयानों,बयान
दोस्तों,दोस्त
सुअरों,सुअर
देतीं,दे
अलगाववादियों,अलगाववादी
खगोलशास्त्रियों,खगोलशास्त्री
पुकारा,पुकार
जलाए,जला
तोपों,तोप
उजड़ा,उजडा
जाएंगें,जा
एजेंसियां,एजेंसी
फंसी,फँस
झड़प,झडप
जगाने,जगा
बहादुरों,बहादुर
करा,कर
बनवाकर,बनवा
मानें,मान
आदिवासियों,आदिवासी
जनआंदोलनों,जनआंदोलन
बढाई,बढा
जानकारियों,जानकारी
अंडों,अंडा
चयनकर्ताओं,चयनकर्ता
गोलियां,गोली
सका,सक
क़ाफ़ी,काफी
मिलों,मिल
डालते,डाल
कट्टरपंथियों,कट्टरपंथी
पीटकर,पीट
सलाखों,सलाख
चलाई,चला
आँकड़ा,आँकडा
बदलती,बदल
मंगवाकर,मंगवा
हुई,हो
इंतजामों,इंतजाम
सिखाना,सिखा
सुधरते,सुधर
घटते,घट
चुने,चुन
कराती,करा
बढा,बढ
क्षेत्रों,क्षेत्र
पहनकर,पहन
बी.,बी
राइट्स,राइट
टेलीफ़ोन,टेलीफोन
लाइनें,लाइन
हफ़्ते,हफ्ता
सीमाएं,सीमा
मिलेगा,मिल
कलाकृतियाँ,कलाकृति
सुईयों,सुई
बिगड़ता,बिगड
भरे,भर
निकलते,निकल
नीतियों,नीति
झुठलाने,झुठला
आइए,आ
पहुंचे,पहुंच
दफ्तरों,दफ्तर
कलाप्रेमियों,कलाप्रेमी
खिलाया,खिला
गुस्साए,गुस्सा
अर्थव्यवस्थाओं,अर्थव्यवस्था
गोदामों,गोदाम
कराएगें,करा
दबाएंगे,दबा
हथियाना,हथिया
पोस्टरों,पोस्टर
कोशिशों,कोशिश
जताते,जता
ग़रीबों,गरीब
मनचलों,मनचला
जुड़ी,जुड
चलाईं,चला
पीड़ा,पीडा
मंत्रोच्चारों,मंत्रोच्चार
बजाकर,बजा
समापन्न,समापन
उबरने,उबर
चलाता,चला
दिलाने,दिला
कविताएं,कविता
जाँचकर्ताओं,जाँचकर्ता
गुत्थियां,गुत्थी
खोलेगा,खोल
"आईजी,",आईजी
परियोजनाएं,परियोजना
श्रेयस्‍कर,श्रेयस्
इराकियों,इराकी
तत्वों,तत्व
मिलकर,मिल
पत्थरों,पत्थर
"२,०००",२०००
कसने,कस
खामियों,खामी
बोर्डो,बोर्ड
छूटे,छूट
सौदों,सौदा
बरती,बरत
मोड़,मोड
फूले,फूल
पाना,पा
विवादों,विवाद
सजाया,सजा
उभरे,उभर
बंधुओं,बंधु
जुटाए,जुटा
कॉलेजेस,कॉलेज
करवाई,करवा
तथ्यों,तथ्य
डॉक्टरों,डॉक्टर
बरतते,बरत
आंकडों,आंकड
निवेशकों,निवेशक
पढ़ाए,पढ़ा
स्वयंसेवियों,स्वयंसेवी
करवाएंगे,कर
जाइए,जा
प्रतिमाएं,प्रतिमा
पटरियाँ,पटरी
हस्तियों,हस्ती
अपनानी,अपना
खरीदने,खरीद
रहेगी,रह
विद्यालयों,विद्यालय
सरकारें,सरकार
निवेदकों,निवेदक
पड़ेगा,पड़
फिसलकर,फिसल
खोले,खोल
बनाने,बना
माने,मान
परेशानियां,परेशानी
छंटने,छंट
भुगतानों,भुगतान
चलो,चल
थपथपाते,थपथपा
एजेंसियों,एजेंसी
स्तम्भ,स्तंभ
स्थानों,स्थान
निगमों,निगम
मंगवाए,मंगवा
ज़माने,जमाना
लाते,ला
निष्कर्षो,निष्कर्ष
पछाड़ते,पछाड
गुत्थियों,गुत्थी
गुजरे,गुजर
खेमें,खेमा
दिग्गजों,दिग्गज
पकड़ने,पकड
कड़ा,कडा
घुमाने,घुमा
पौधों,पौधा
जताना,जता
आंदोलनकारियों,आंदोलनकारी
जायेंगे,जा
पहाड़ी,पहाडी
दर्शनार्थियों,दर्शनार्थी
बिठाने,बिठा
शिविरों,शिविर
शहीदों,शहीद
दुबके,दुबक
गुफाओं,गुफा
हड़बड़ी,हडबडी
ऑपरेटरों,ऑपरेटर
तस्वीरें,तस्वीर
भटकते,भटक
मिलेगी,मिल
राइड्स,राइड
दबाते,दबा
काटा,काट
ओढ़कर,ओढ
गंवाए,गंवा
कंपनियों,कंपनी
मासूमों,मासूम
रचने,रच
जिन्होंने,जो
लपेटे,लपेट
रोज़गार,रोजगार
चुकाए,चुका
मेरा,मैं
बसे,बस
हारकर,हार
देते,दे
कोशिशें,कोशिश
दुकानें,दुकान
खुलेंगी,खुल
उतारेंगे,उतार
धारकों,धारक
बाउंडरीज,बाउंडरी
लटकती,लटक
लहराएगा,लहरा
उभरा,उभर
संशोधनों,संशोधन
अटे,अट
मिलते,मिल
दिलाना,दिला
र्बैकों,र्बैक
दोषियों,दोषी
मुश्किलें,मुश्किल
नज़दीकी,नजदीकी
रजिस्ट्रार्स,रजिस्ट्रार
चारों,चार
छिपा,छिप
घड़ी,घडी
ललकारा,ललकार
पदार्थो,पदार्थ
जोड़ा,जोड
पुत्रों,पुत्र
छतों,छत
जानी,जा
स्कूटर्स,स्कूटर
जोड़कर,जोड़
अपराधियों,अपराधी
सकतीं,सक
छटते,छट
छायाकारों,छायाकार
बाध्यताओं,बाध्यता
मजदूरों,मजदूर
चाही,चाह
ज़ख्मी,जख्मी
मकानों,मकान
दिलवाया,दिलवा
उद्देश्यों,उद्देश्य
घुसी,घुस
बैठाने,बैठा
पहुँचाने,पहुँच
पहुंचाने,पहुंच
विसंगतियाँ,विसंगती
सुलझाने,सुलाझा
उड़ीसा,उडीसा
रहो,रह
दिलों,दिल
रहस्यों,रहस्य
आनी,आ
चीनियों,चीनी
किसानों,किसान
छुड़ाने,छुडा
सुर्खियों,सुर्खी
परिसरों,परिसर
कारीगरों,कारीगर
झेलना,झेल
खींचने,खींच
मंसूबों,मंसूबा
घरों,घर
ख़ुफ़िया,खुफिया
सेवाएं,सेवा
वस्तुएं,वस्तु
रुके,रुक
जगहें,जगह
चढ़ाने,चढ़ा
परिधानों,परिधान
माताएं,माता
आलोचनाओं,आलोचना
वायुसैनिकों,वायुसैनिक
करवाता,करवा
डटकर,डट
माना,मान
हथौड़े,हथौडा
जेहादियों,जेहादी
सुधारते,सुधार
थमाकर,थमा
साधा,साध
विशिष्‍ट,विशिष्ट
मुल्कों,मुल्क
क्यू.,क्यू
गंवाई,गंवा
हटाते,हटा
एकमात्र,एक
फंसे,फँस
चलाकर,चला
मक़सद,मकसद
बुद्धिजीवियों,बुद्धिजीवी
दिखाया,दिखा
बनानी,बना
नन्हीं,नन्हा
संगीतकारों,संगीतकार
दावेदारों,दावेदार
बसों,बस
उपक्रमों,उपक्रम
बिठाया,बिठा
निदेशकों,निदेशक
करते,कर
डेज,डे
भांपना,भांप
जेलों,जेल
ब्रांडों,ब्रांड
दिये,दे
मांगने,मांग
ज़हरखुरानों,ज़हरखुरान
झोंकों,झोंका
थोड़े,थोडा
जानकारों,जानकार
प्रतिमाएँ,प्रतिमा
पढ़ाया,पढा
बेरोजगारों,बेरोजगार
बड़ों,बड़ा
मान्‍यता,मान्यता
छिला,छिल
कराऊंगा,करा
ग्रुपों,ग्रुप
दें,दे
गतिविधियाँ,गतिविधि
मंडराते,मंडरा
बिगड़ने,बिगड
बिजलीघरों,बिजलीघर
लड़कियों,लड़की
यात्राओं,यात्रा
अनुयायियों,अनुयायी
धर्मान्तरण,धर्मांतरण
बंधने,बँध
संवादों,संवाद
चंद्रमाओं,चंद्रमा
लड़,लड
सरकाया,सरका
बनेगी,बन
वर्क्‍स,वर्क
मूर्तियां,मूर्ति
सिफारिशें,सिफारिश
दृढ़,दृढ
निकला,निकल
हिलते,हिल
भेजी,भेज
समझती,समझ
प्रत्याशियों,प्रत्याशी
विमानों,विमान
तोड़कर,तोड
ठहरना,ठहर
करती,कर
जोड़ा,जोड़
नमूनों,नमूना
जुड़े,जुड
मनवाते,मनवा
पडेगा,पड
विधानमंडलों,विधानमंडल
जाएं,जा
छपे,छप
करोड़ों,करोड़
कराने,करा
दुखों,दुख
लगाएंगे,लगा
शवों,शव
छिड़ककर,छिड़क
कराएगी,करा
पाये,पा
कराए,करा
घाटों,घाट
हिला,हिल
ज़रूरी,जरूरी
नकारने,नकार
मनाएंगे,मना
स्मारकों,स्मारक
पाएंगी,पा
संयंत्रों,संयंत्र
मनाएगी,मना
सहयोगियों,सहयोगी
हाज़ी,हाजी
घूमने,घूम
घंटियां,घंटी
कराने,कर
कुरेदने,कुरेद
मगरमच्छों,मगरमच्छ
पड़ी,पड़
निपटा,निपट
माँगी,माँग
कथाएँ,कथा
महिलाएं,महिला
रंगों,रंग
बैठती,बैठ
पहुंचेंगे,पहुंच
ढ़ाँचे,ढाँचा
बतायी,बता
विद्रोहियों,विद्रोही
आर्चेस,आर्च
बढ़ेगी,बढ़
अर्जियां,अर्जी
लिये,ले
कॉलों,कॉल
संजोए,संजो
गैसें,गैस
भड़की,भड़क
हवेलियों,हवेली
सबसे,सब
कानूनविदों,कानूनविद
पीड़ित,पीडित
जिसकी,जो
पदार्थों,पदार्थ
निपटाएं,निपटा
घोषणाएँ,घोषणा
खेली,खेल
करके,कर
आंखों,आंख
सारे,सब
अरबों,अरब
छुपे,छुप
ढके,ढक
सौंपे,सौंप
राजघरानों,राजघराना
करतूतों,करतूत
चहकते,चहक
जिनका,जो
गरमपंथियों,गरमपंथी
हों,हो
रहूँगा,रह
हटेंगे,हट
बढ़ाना,बढ़ा
बिल्डिंगों,बिल्डिंग
बड़ा,बडा
युवतियाँ,युवती
किंकर्तव्यविमूढ़,किंकर्तव्यविमूढ
दिखते,दिख
डालने,डाल
पहना,पहन
लौटें,लौट
रूकने,रूक
घोड़ों,घोड़ा
लगाए,लगा
घेरा,घेर
गिरती,गिर
दिहाड़ीदारों,दिहाड़ीदार
वासियों,वासी
संपत्तियों,संपत्ती
सुखाने,सुखा
हिंदूवादियों,हिंदूवादी
भगदड़,भगदड
घटाए,घटा
रुपयों,रुपया
ठहरा,ठहर
सभी,से
गतिविधियों,गतिविधि
नहाए,नहा
वोटरों,वोटर
लपका,लपक
पहुँचें,पहुँच
अवश्‍य,अवश्य
विज्ञापनों,विज्ञापन
उम्मीदवारों,उम्मीदवार
दुर्घटनाओं,दुर्घटना
कसी,कस
तोहफों,तोहफा
हथियाने,हथिया
दर्शाता,दर्शा
समझते,समझ
पहाड़,पहाड
मेजबानों,मेजबान
थामे,थाम
"१४,६३६",१४६३६
जुटाकर,जुटा
कारसेवकों,कारसेवक
जहाज़,जहाज
उद्घधाटन,उद्घाटन
महानगरों,महानगर
चरणों,चरण
परोसी,परोस
जिसने,जो
अजूबों,अजूबा
रखनी,रख
दलीलें,दलील
बताएं,बता
दौरों,दौर
बल्लेबाजों,बल्लेबाज
हमलावरों,हमलावर
छिड़ेगा,छिड
यादों,याद
कार्यकलापों,कार्यकलाप
छलकाए,छलका
मंज़ूरी,मंजूरी
मनाएं,मना
बरसा,बरस
उवर्रकों,उवर्रक
कबूतरों,कबूतर
मनाकर,मना
लेना,ले
लाकर,ला
जानती,जान
पूर्ववर्ती,पूर्ववती
पिछड़ों,पिछड़ा
ठहराती,ठहरा
मुसीबतों,मुसीबत
नंबरों,नंबर
मैचों,मैच
चाहा,चाह
उपजी,उपज
रेलों,रेल
खींचा,खींच
जिताने,जिता
"२,६००",२६००
पड़ा,पड
भरकर,भर
घुसने,घुस
दिलाते,दिला
एतराज़,एतराज
पड़ती,पड
सम्बोधित,संबोधित
पढ़ना,पढ
दूसरों,दूसरा
एसोसिएशंस,एसोसिएशन
आती,आ
किया,कर
ठहरें,ठहर
स्‍थान,स्थान
आंकी,आंक
कलाकारों,कलाकार
निभा,निभ
दफनाए,दफना
उठाना,उठा
बुना,बुन
त्यौहारों,त्योहार
रटाई,रटा
ठुकराए,ठुकरा
भांजकर,भांज
सर्विसेज़,सर्विस
लौटने,लौट
भेजने,भेज
शक्तिपीठों,शक्तिपीठ
खोलना,खोल
शिकायतें,शिकायत
उठाया,उठा
बचाए,बचा
चीफ़,चीफ
रहेगा,रह
सरकते,सरक
संकेतों,संकेत
धांधलियां,धांधली
इन्हीं,इन
सड़क,सडक
गुटों,गुट
चित्रों,चित्र
याचियों,याची
ज़ब्ती,जब्ती
छपीं,छप
बजाने,बजा
बुलाएं,बुला
महिलाओं,महिला
मरने,मर
नहाने,नहा
दादासाहेब,दादासेहब
पहुँची,पहुंच
बनाता,बना
विधान-सभा,विधानसभा
मैंने,मैं
उठने,उठ
गूँजा,गूँज
देवताओं,देवता
गार्डो,गार्ड
बड़े,बडा
नौकरियां,नौकरी
पलटकर,पलट
उलटा,उलट
टालते,टाल
हिफाज़त,हिफाजत
रियायतें,रियायत
कयासों,कयास
करवाया,करवा
कहेगी,कह
फटने,फट
ऊंचाइयों,ऊंचाई
वादियाँ,वादी
उड़ाने,उडान
गोष्ठियों,गोष्ठी
बाड़ी,बाडी
स्तूपों,स्तूप
"१४,०५३",१४०५३
डराने,डरा
शहरों,शहर
पंचायतों,पंचायत
सड़कों,सडक
जमाकर,जमा
कुबूलने,कुबूल
तरफ़,तरफ
लड़के,लडका
लूटी,लूट
तैयारियों,तैयारी
होगीं,हो
ज्‍योतिशिला,ज्योतिशिला
पहुंचाई,पहुंचा
खुलवाकर,खुल
चुनेंगे,चुन
रैलियां,रैली
निर्धारकों,निर्धारक
कैटरर्स,कैटरर
लिहाज़ा,लिहाजा
मुक़ाबले,मुकाबला
गुरूद्वारों,गुरूद्वारा
खड़ा,खडा
बांटने,बांट
ऋणों,ऋण
जमना,जम
फ़ायदा,फायदा
जोड़ने,जोड
प्रार्थनाएं,प्रार्थना
लगाना,लगा
आशंकाओं,आशंका
सम्मेलनों,सम्मेलन
देती,दे
समझौतों,समझौता
नोटों,नोट
कहीं,कह
सूरतवासियों,सूरतवासी
मठाधीशों,मठाधीश
चलाए,चला
सुलझाई,सुलझा
सालों,साला
दशकों,दशक
समझाना,समझा
करीबियों,करीबी
समझी,समझ
पद्धतियों,पद्धति
लोगो,लोग
बढ़ें,बढ़
भवनों,भवन
अखबारों,अखबार
पन्द्रह,पंद्रह
इमारतें,इमारत
पहुँची,पहुँच
पहाड़ियों,पहाडी
चलाया,चला
सोचकर,सोच
करों,कर
उकेरी,उकेर
बनाएगा,बना
गुजरेंगे,गुजर
लगने,लग
सुनाते,सुना
सर्किलों,सर्किल
अपवादों,अपवाद
तस्वीरों,तस्वीर
"३२०,०००",३२००००
धर्मस्थलों,धर्मस्थल
जलाया,जला
बढ़ाने,बढा
बताईं,बता
बचाओ,बचा
घुसते,घुस
खुली,खुल
लाशें,लाश
चम्पा,चंपा
पिछड़ी,पिछड
लाइटों,लाइट
गांववालों,गांववाला
ज़रूर,जरूर
तख्तियों,तख्ती
करोड़ो,करोड़
भिजवाए,भिजवा
काफ़िले,काफिला
हिंदुओं,हिंदू
ढूंढ़ते,ढूंढ़
फैला,फैल
बचें,बच
धरोहरें,धरोहर
ज़रूरतों,ज़रूरत
सुरक्षागार्डों,सुरक्षागार्ड
रखना,रख
केन्द्र,केंद्र
"९३,३६९",९३३६९
प्रस्तावों,प्रस्ताव
डिस्ट्रीब्यूटरों,डिस्ट्रीब्यूटर
करोड़पति,करोडपति
कार्यालयों,कार्यालय
होता,हो
विज्ञानियों,विज्ञानी
सितम्बर,सितंबर
देगी,दे
लगेगी,लग
सुझावों,सुझाव
बर्नरों,बर्नर
विद्वानों,विद्वान
सेनाओं,सेना
पत्तियों,पत्ती
कहतीं,कह
तर्कों,तर्क
संपत्तियों,संपत्ति
जुलता,जुल
वादों,वादा
बैठा,बैठ
शिक्षकों,शिक्षक
दबोचते,दबोच
पहुंचनी,पहुंच
कॉलेजों,कॉलेज
मचे,मच
सस्‍ता,सस्ता
मोटरसाइकिलों,मोटरसाइकिल
बंटाने,बंटा
गिरने,गिर
गिरफ्तारियों,गिरफ्तारी
वलयों,वलय
इस्तीफ़ा,इस्तीफा
प्राथमिकताओं,प्राथमिकता
जाएगें,जा
राजनायिकों,राजनायिक
क्लस्टरिंग,कलस्टरिंग
दर्शनों,दर्शन
जाएगा,जा
दूंगी,दे
डालेंगे,डाल
खटखटाना,खटखटा
चेतना,चेत
"१०,०००",१००००
निकाली,निकाल
मिलाएगा,मिला
मंगवाया,मंगवा
सड़कों,सड़क
नम्बर,नंबर
हिचकते,हिचक
करता,कर
मार्गों,मार्ग
निखरी,निखर
स्कूलों,स्कूल
खेलों,खेल
घायलों,घायल
मुस्लिम,मजबूत
दागे,दाग
फ़रार,फरार
ढोने,ढो
"२,१००",२१००
मिलाकर,मिला
मोहरों,मोहर
कासलों,कासल
कोशिकाओं,कोशिका
मतों,मत
ए.,ए
जमने,जम
बचके,बच
अभियानों,अभियान
"३०,०००",३००००
सकें,सक
बरसानी,बरसा
राजभवनों,राजभवन
वार्डो,वार्ड
फूलों,फूल
बिना,बिन
बर्तनों,बर्तन
जाते,जा
हज़ार,हजार
लहरें,लहर
नजदीकियों,नजदीकी
बैठेंगे,बैठ
ढोना,ढो
शिवजी,शिव
सुलझाना,सुलझा
डाकघरों,डाकघर
घटी,घट
अध्यापिकाओं,अध्यापिका
अंधड़,अंधड
के.,का
बची,बच
ट्रस्टों,ट्रस्ट
लगाई,लगा
समर्थकों,समर्थक
दबाने,दबा
"१०,५६४",१०५६४
कुचलकर,कुचल
बदलते,बदल
कुर्सियां,कुर्सी
भाईयों,भाई
बोलियां,बोली
अंशधारकों,अंशधारक
स्वीकारते,स्वीकार
उद्योगों,उद्योग
खोजों,खोज
बनवाया,बनवा
कारों,कार
थोड़ी,थोडा
साह,सह
बजे,बज
मंगाने,मंगा
सम्पर्क,संपर्क
गोलियाँ,गोली
जीतकर,जीत
प्रत्यारोपों,प्रत्यारोप
उतरी,उतर
पंछियों,पंछी
योद्धाओं,योद्धा
राहें,राह
चिड़ियों,चिड़िया
सबका,सब
इसी,इस
किसका,कौन
कॉर्डिनल्स,कॉर्डिनल
पर्वतारोहियों,पर्वतारोही
हटाए,हटा
टूटकर,टूट
पहुँचाएगा,पहुँचा
फाइलों,फाइल
कारखानों,कारखाना
ठहराते,ठहरा
बांधकर,बांध
तलाशने,तलाश
खदेड़,खदेड
ट्रकों,ट्रक
दलों,दल
विश्वविद्यालय,विशवविद्यालय
एयरलाइंस,एयरलाइन
जोड़,जोड
"३,१३,०००",३१३०००
धमाकों,धमाका
नाक़ामयाब,नाकामयाब
सैकड़ों,सैकड़ा
मानेंगे,मान
कराएगा,करा
पतों,पता
जेलें,जेल
पूर्वजों,पूर्वज
पड़ने,पड़
पहुंचीं,पहुंच
वालों,वाला
गहनों,गहना
लड़कियां,लड़की
भीड़भाड़,भीडभाड
गिनाए,गिना
"२९,०००",२९०००
लगा,लग
चढ़कर,चढ़
तगड़ा,तगडा
हटाने,हटा
बताए,बता
बिगड़ती,बिगड
जगाई,जगा
कैसेटों,कैसेट
बहनों,बहन
"5,008",5008
दुलारने,दुलार
सूचियों,सूची
कागजातों,कागजात
सड़कें,सडक
नक़वी,नकवी
मस्जिदों,मस्जिद
जाएँ,जा
झेलनी,झेल
नजरें,नजर
मुआवज़ा,मुआवजा
मुआवज़े,मुआवजा
जाएगीं,जा
अभिनेताओं,अभिनेता
हाईलैंड्स,हाईलैंड
कतराता,कतरा
उपविजेताओं,उपविजेता
लड़ूंगी,लड़
विसंगतियाँ,विसंगति
कमिश्नरों,कमिश्नर
क्रांतिकारियों,क्रांतिकारी
सुपारीवालों,सुपारीवाला
छेड़ने,छेड
कमाए,कमा
उठाई,उठा
आपने,आप
बागों,बाग
उपलब्धियों,उपलब्धि
एजेंडों,एजेंडा
मिशनरीज,मिशनरी
पिलाई,पिला
कसा,कस
रिंग्स,रिंग
मुड़कर,मुड़
किताबें,किताब
मुश्किलों,मुश्किल
ज़िम्मेदार,जिम्मेदार
मेम्बर,मेंबर
रहकर,रह
इंजनों,इंजन
सोचिए,सोच
घबराए,घबरा
जाय,जा
समस्याएं,समस्या
कणों,कण
पाकर,पा
कारोबारियों,कारोबारी
"१०,५७३",१०५७३
जिनकी,जो
जानतीं,जान
द्वीपों,द्वीप
गवाया,गवा
उतारेगा,उतार
जिसमें,जो
कपड़े,कपडा
उबारा,उबार
छिड़,छिड
उपजे,उपज
खुलते,खुल
कमेटियों,कमेटी
संभला,संभल
निष्ठाओं,निष्ठा
माओवादियों,माओवादी
छपी,छप
मूर्तियाँ,मूर्ति
निकाले,निकाल
थमा,थम
अंतरिक्षयात्रियों,अंतरिक्षयात्री
पीढ़ियों,पीढी
पुरुषों,पुरुष
आई,आ
लुभाने,लुभा
अफवाहों,अफवाह
पिछड़ी,पिछडा
धड़धड़ाता,धड़धड़ा
घंटों,घंटा
सुलझाने,सुलझा
हारे,हार
गतिविधियां,गतिविधि
मानते,मान
करवाया,कर
लाई,ला
खाया,खा
इंडस्ट्रीज,इंडस्ट्री
गिरफ़्तार,गिरफ्तार
उड़ाने,उड़ा
अठखेलियों,अठखेली
नाराज़गी,नाराजगी
चिंताओं,चिंता
पकड़कर,पकड
खुले,खुल
सुधारने,सुधार
पहुँचाया,पहुँचा
उपचुनावों,उपचुनाव
रोने,रो
नक़दी,नकदी
परिणामों,परिणाम
हटाया,हटा
परमाणुओं,परमाणु
जीने,जी
क़रार,करार
पहनती,पहन
मचाया,मचा
ज़िला,जिला
ग़ैर,गैर
उपायों,उपाय
चुका,चुक
बदलने,बदल
फेज़,फेज
उतारना,उतार
इंजीनियर्स,इंजीनियर
सहेजने,सहेज
सुरक्षाकर्मियों,सुरक्षाकर्मी
वायरसों,वायरस
पाठ्यक्रमों,पाठ्यक्रम
सीमाओं,सीमा
बजने,बज
मची,मच
बयानबाजियों,बयानबाजी
किताबों,किताब
इजाज़त,इजाजत
पाबंदियों,पाबंदी
गड़ाए,गड़ा
सीढियाँ,सीढी
बसने,बस
नजरों,नजर
बढ़ते,बढ
बुलाई,बुला
परोसने,परोस
बढ़ाया,बढा
अखाड़ा,अखाडा
बनते,बन
पुस्तकों,पुस्तक
सौंपना,सौंप
झलकना,झलक
पांचवें,पांचवा
अपनाती,अपना
जत्थों,जत्था
उपलब्‍ध,उपलब्ध
उच्चायोगों,उच्चायोग
बटोरने,बटोर
खोलेंगे,खोल
प्रेमियों,प्रेमी
सवारियों,सवारी
उपग्रहों,उपग्रह
इस्तीफ़े,इस्तीफा
कतराती,कतरा
जनसभाओं,जनसभा
ख़बर,खबर
दोषारोपों,दोषारोप
डिज़ाइन,डिजाइन
लें,ले
उल्टियों,उल्टी
लिया,ले
अर्जियों,अर्जी
स्कूल्स,स्कूल
बागियों,बागी
नामंज़ूर,नामंजूर
बुजुर्गो,बुजुर्ग
तमिलों,तमिल
दस्तावेज़,दस्तावेज
संभलकर,संभल
प्रजातियों,प्रजाति
लगाया,लगा
बदलवा,बदल
भरा,भर
पदाधिकारियों,पदाधिकारी
निकले,निकल
बुज़ुर्ग,बुजुर्ग
मसलों,मसला
रिपोर्टों,रिपोर्ट
होर्डिंग,होडॅग
चौंकाने,चौंका
खाएँ,खा
प्रमुखों,प्रमुख
जुड़ी,जुड़
उठाएगी,उठा
अपनाने,अपना
चलाते,चला
करेगी,कर
सड़कें,सड़क
मोमबत्तियां,मोमबत्ती
उगलने,उगल
करोंड़ों,करोंड़
नतिनियों,नतिनी
पिलाती,पिला
आवाजों,आवाज
बसाया,बसा
होगी,हो
आख़िरकार,आखिरकार
नहलाया,नहला
"३,७०१",३७०१
करूँगा,कर
आंतकियों,आंतकी
घटनाक्रमों,घटनाक्रम
साइकिल्स,साइकिल
तोड़,तोड
इमारतों,इमारत
तरेरने,तरेर
म्यूजियमों,म्यूजियम
नाराज़,नाराज
खेलते,खेल
मीडियाकर्मियों,मीडियाकर्मी
सिहरा,सिहर
स्तरों,स्तर
गुफ़ा,गुफा
दागकर,दाग
जायज़ा,जायजा
कमरों,कमरा
लड़ने,लड
दोहराते,दोहरा
अच्‍छा,अच्छा
लिखवाई,लिख
छेड़ी,छेड़
जाएँगे,जा
हालातों,हालात
किरणों,किरण
तटरक्षकों,तटरक्षक
राजनीतिज्ञों,राजनीतिज्ञ
अड़े,अड़
बनकर,बन
मंगाकर,मंगा
आया,आ
सुझाई,सुझा
बिंदुओं,बिंदु
कीचड़,कीचड
जाया,जा
हताहतों,हताहत
कश्मीरियों,कश्मीरी
झुठलाते,झुठला
सभी,सब
कारवाइयों,कारवाई
लीलने,लील
जे.,जे
ढूढने,ढूढ
छेड़छाड़,छेडछाड
टाइम्स,टाइम
समझो,समझ
पहाड़ियों,पहाड़ी
भरनी,भर
गूढ़,गूढ
सहेंगे,सह
नवम्बर,नवंबर
खरीदेगी,खरीद
चलाएंगे,चला
पहुंचाया,पहुंच
बनना,बन
भुनाने,भुना
पुत्रियों,पुत्री
लड़का,लडका
बोगियों,बोगी
छोड़ते,छोड़
गड़बड़ियों,गडबडी
मंजिलों,मंजिल
साहिबानों,साहिबान
लक्ष्‍मी,लक्ष्मी
पाएंगीं,पा
नियमों,नियम
मुताबिक़,मुताबिक
ज़ाहिर,जाहिर
उद्यमों,उद्यम
माँसपेशियों,माँसपेशी
टिकने,टिक
खेतों,खेत
हटने,हट
पड़ोस,पडोस
दोहराने,दोहरा
ह़क़,हक
बढ़ाए,बढा
गुप्तचरों,गुप्तचर
राजनयिकों,राजनयिक
उतरे,उतर
कलाकृतियों,कलाकृति
चाटुकारों,चाटुकार
पत्नियां,पत्नी
डाइयां,डाई
लड़ने,लड़
छुआ,छू
सकीं,सक
विदेशियों,विदेशी
समाया,समा
बढ़ाकर,बढ़ा
सुरंगें,सुरंग
खिलाकर,खिला
पहुँचती,पहुँच
खोदने,खोद
दलीलों,दलील
गिराए,गिरा
बोलेंगे,बोल
सुझाने,सुझा
आंगनबाड़ी,आंगनबाडी
मूल्यों,मूल्य
खोने,खो
किनारों,किनारा
छोड़ते,छोड
ह़लफ़नामा,हलफनामा
ताकतों,ताकत
कलाओं,कला
हटाना,हटा
जनजातियां,जनजाति
मांगी,मांग
अंग्रेजों,अंग्रेज
बदमाशों,बदमाश
उछलती,उछल
छोड़िए,छोड
खोला,खोल
पाए,पा
बंदियों,बंदी
लेती,ले
मांगना,मांग
समूहों,समूह
"१,२७,३५७",१२७३५७
उभरने,उभर
पटरियां,पटरी
मांगे,मांग
सधी,सध
जीवों,जीव
सुधारनी,सुधार
ढले,ढल
सप्लायर्स,सप्लायर
अड़चनें,अडचन
मैप्स,मैप
रहता,रह
मानने,मान
हुए...,हो
"20,000",20000
प्रावधानों,प्रावधान
अवसरों,अवसर
कर्मचारियों,कर्मचारी
गाड़ियों,गाड़ी
रुकी,रुक
होनी,हो
पीटा,पीट
डरा,डर
क्रिकेटरों,क्रिकेटर
चौबीसों,चौबीस
नवाज़,नवाज
हटा,हट
बीतते,बीत
परीक्षणों,परीक्षण
कहानियों,कहानी
सटा,सट
फैलाना,फैला
करतीं,कर
मचाएं,मचा
भरते,भर
उखड़,उखड
संस,सन
कीमतों,कीमत
लूटने,लूट
बताना,बता
निकालना,निकाल
रत्नों,रत्न
छोड़ेंगे,छोड़
रेंगते,रेंग
निर्दलियों,निर्दलीय
घेरता,घेर
भुलाया,भुला
जिलों,जिला
इलाक़ों,इलाका
गार्ड्स,गार्ड
सुधरेंगे,सुधर
करदाताओं,करदाता
उठता,उठ
सना,सन
भेजकर,भेज
होना,हो
पहाड़ों,पहाड
सातों,सात
वर्गो,वर्ग
हक़,हक
दस्तावेज़ों,दस्तावेज
जताई,जता
खाते,खा
फ़िलहाल,फिलहाल
सुधारें,सुधार
दागा,दाग
वसूलने,वसूल
दिक्कतें,दिक्कत
खुलवाने,खुलवा
रहते,रह
बुनकरों,बुनकर
जिनके,जो
लुढ़ककर,लुढक
कुर्सियों,कुर्सी
समीकरणों,समीकरण
एयरवेज,एयरवे
फाइलें,फाइल
खिलाने,खिला
मध्‍य,मध्य
ख़िलाफ़,खिलाफ
मंत्रियों,मंत्री
लुढ़क,लुढक
फैलाया,फैला
किसे,कौन
प्रतीकों,प्रतीक
बेड़े,बेडा
छाए,छा
पढ़ाने,पढ़ा
पड़ता,पड़
आकाओं,आका
खिलाफ़,खिलाफ
थमने,थम
बेशक़,बेशक
एन.,एन
घूमते,घूम
लड़ेगा,लड
चढ़ाया,चढा
पढ़ने,पढ
बोतलें,बोतल
लाती,ला
संघों,संघ
स्थलों,स्थल
लपके,लपक
साड़ी,साडी
वेबसाइटों,वेबसाइट
उड़ेंगी,उड़
ईंटें,ईंट
पढ़ाएंगे,पढ़ा
आजमाया,आजमा
बरक़रार,बरकरार
चढ़ाते,चढ़ा
पहुँचाने,पहुँचा
सौंपने,सौंप
सवर्णों,सवर्ण
निकलकर,निकल
लिपटे,लिपट
पहनने,पहन
लड़कों,लड़का
दस्तों,दस्ता
धर्मो,धर्म
जुटा,जुट
कासल्स,कासल
ढूंढा,ढूंढ
छुपाने,छुपा
मजूदरों,मजूदर
थिरकते,थिरक
ठहराने,ठहरा
छाये,छा
दुश्मनों,दुश्मन
जताया,जता
उखाड़ने,उखाड
पेटियां,पेटी
परिस्थितियों,परिस्थिति
बढ़कर,बढ
वायदों,वायदा
हूँ,है
पूछना,पूछ
चौहानों,चौहान
ज़बरदस्त,जबरदस्त
भुनाएगी,भुना
झुकना,झुक
प्रत्यार्पण,प्रत्यर्पण
जुड़े,जुड़
वार्ताकारों,वार्ताकार
चाहती,चाह
गुज़ारिश,गुजारिश
हटाएंगे,हटा
युगलों,युगल
"30,000",30000
वर्षों,वर्ष
बचाते,बचा
रणनीतियों,रणनीति
लाशों,लाश
सब्जियां,सब्जी
पलों,पल
कैदियों,कैदी
पकौड़ी,पकौडी
उत्पादकों,उत्पादक
बदला,बदल
आँकी,आँक
बढ़ने,बढ़
लेंगी,ले
लीजिए,ले
रोजगारों,रोजगार
बनाती,बना
ज़िले,जिला
फैलने,फैल
हकीक़त,हकीकत
वक्ताओं,वक्ता
बिन्दु,बिंदु
डूबे,डूब
भरने,भर
घटती,घट
हिस्सों,हिस्सा
खबरें,खबर
भूले,भूल
आवासों,आवास
देखे,देख
मनाते,मना
बिन्दुओं,बिन्दु
क्लस्टर,कलस्टर
प्रदर्शनकारियों,प्रदर्शनकारी
चलाना,चला
पिलाते,पिला
पड़ाव,पडाव
करवाना,कर
स्टेशनों,स्टेशन
घोटालेबाजों,घोटालेबाज
आंका,आंक
फैलते,फैल
फैलाने,फैला
बिताना,बिता
कराएंगे,करा
उतराती,उतरा
चलाने,चला
सालों,साल
डायमंड्स,डायमंड
खींचते,खींच
हमने,हम
पाठकों,पाठक
झाड़,झाड
घुसपैठियों,घुसपैठिया
मारी,मार
बहनें,बहन
बनाने,बन
उठे,उठ
घुमंतुओं,घुमंतु
नौकाओं,नौका
सुनें,सुन
अलमारियों,अलमारी
रैकेटों,रैकेट
पत्‍थरों,पत्‍थर
डॉलरों,डॉलर
उठाने,उठा
मिलवाया,मिल
युद्धपीड़ितों,युद्धपीड़ित
आयोगों,आयोग
हिलाकर,हिला
मढ़ने,मढ
करवाती,करवा
करेंगे,कर
आना,आ
कार्डों,कार्ड
निर्माताओं,निर्माता
हज़रत,हजरत
सकती,सक
जातीं,जा
कृत्यों,कृत्य
कंकालों,कंकाल
चुराकर,चुरा
वास्‍तव,वास्तव
किसने,कौन
फैक्ट्रियां,फैक्ट्री
थपथपाई,थपथपा
लपटों,लपट
राजदूतों,राजदूत
बिखरने,बिखर
संस्थानों,संस्थान
प्रक्रियाओं,प्रक्रिया
घाटियों,घाटी
हिन्दू,हिंदू
खड़े,खडा
जानना,जान
परिवारवालों,परिवारवाला
हालात,हाल
कमियों,कमी
बजकर,बज
मुकरने,मुकर
बुलाए,बुला
क़दर,कदर
तूफ़ान,तूफान
बातें,बात
अकादमियों,अकादमी
मौतों,मौत
गिरी,गिर
ढंकने,ढंक
सफ़र,सफर
लगाते,लगा
इस्तीफों,इस्तीफा
बच्चों,बच्चा
एकड़,एकड
चैंबरों,चैंबर
वर्गों,वर्ग
खंगालना,खंगाल
शोधों,शोध
डा.,डा
बनवाया,बन
प्रयोगशालाओं,प्रयोगशाला
तरीकों,तरीका
रहें,रह
आपकी,आप
घूमना,घूम
लेबोरेटरीज,लेबोरेटरी
भागों,भाग
पहुँचेगा,पहुँच
कराई,करा
सामग्रियों,सामग्री
ड्राइवरों,ड्राइवर
गुंबदों,गुंबद
प्रतिबद्घताओं,प्रतिबद्घता
पहनी,पहन
"९,५००",९५००
परियोजनाओं,परियोजना
संगठनों,संगठन
हराने,हरा
कोर्सों,कोर्स
उठाएंगे,उठा
उड़ानों,उड़ान
पत्नियों,पत्नी
हमारे,हम
क़ीमत,कीमत
डिसपेंसरियों,डिसपेंसरी
जनरलों,जनरल
जाती,जा
हक़दार,हकदार
किमी.,किमी
अप्लाइंसेज़,अप्लाइंस
खंभों,खंभा
धमकी,धमक
लगाती,लगा
डाला,डाल
पाता,पा
टुकड़ियां,टुकड़ी
हलफनामों,हलफनामा
जिम्मेदारियां,जिम्मेदारी
दिखाए,दिखा
तोड़कर,तोड़
साढ़े,साढे
लेखों,लेखा
उड़ाना,उडा
लेखकों,लेखक
सब्जियों,सब्जी
घावों,घाव
भागने,भाग
बताएगा,बता
उठा,उठ
मारती,मार
उमड़ने,उमड
वाई.,वाई
सबके,सब
पहने,पहन
निहारने,निहार
प्राणियों,प्राणी
कस्में,कस्म
दहली,दहल
निभाना,निभा
शेयरों,शेयर
रोगियों,रोगी
सिंहों,सिंह
तभी,तब
चढ़े,चढ
चीजें,चीज
ढंकी,ढंक
मुस्लमानों,मुस्लमान
साधते,साध
टुकड़ियाँ,टुकडी
गवांनी,गवाँ
प्राप्‍त,प्राप्त
पकड़े,पकड
रिपोर्टें,रिपोर्ट
उड़ान,उडान
"५०,०००",५००००
पार्टियां,पार्टी
रहेंगी,रह
पाती,पा
उड़ाई,उड़ा
बिताए,बिता
उतरा,उतर
आख्यानों,आख्यान
बढ़ावा,बढावा
करवाने,कर
डेढ़,डेढ
हटाकर,हटा
बनाए,बना
फटते,फट
भांपते,भांप
लड़ेंगे,लड़
रिपोर्टरों,रिपोर्टर
भेजा,भेज
जानता,जान
तोड़ा,तोड
सुलझाए,सुलझा
सुधरेगी,सुधर
जिलाध्यक्षों,जिलाध्यक्ष
नियुक्तियाँ,नियुक्ति
देखना,देख
सट्टेबाजों,सट्टेबाज
चलकर,चल
संभाली,संभाल
छोड़ने,छोड़
गुरूओं,गुरू
सिखों,सिख
लिखकर,लिख
चुना,चुन
फौजियों,फौजी
आवश्यकता,आवशयकता
लाएगा,ला
धर्मशालाएँ,धर्मशाला
दोहराती,दोहरा
कहें,कह
गड़बड़ियां,गड़बड़ी
ढूंढ़ा,ढूंढ़
पहाड़ों,पहाड़
रियेक्टरों,रियेक्टर
मठों,मठ
साधनों,साधन
टीमें,टीम
जुड़ा,जुड
आँकड़ें,आँकड़ा
पाएगी,पा
कमाया,कमा
बलों,बल
पढ़ते,पढ़
तलाशा,तलाश
छुड़वाया,छुड़वा
मानता,मान
उलझना,उलझ
ढहने,ढह
छात्रों,छात्र
लिखने,लिख
प्रतिबंधों,प्रतिबंध
जलती,जल
मानदंडो,मानदंड
सम्पूर्ण,संपूर्ण
देना,दे
तामझामों,तामझाम
कारें,कार
घिरी,घिर
मोटर्स,मोटर
किसके,कौन
बाधाओं,बाधा
घुटनों,घुटना
निबटना,निबट
निकलवाकर,निकल
कागज़ी,कागजी
चढ़ा,चढ़
बताओ,बता
गोलों,गोला
निविदाओं,निविदा
छोड़ने,छोड
मोहल्लों,मोहल्ला
मक़बरे,मकबरा
दवाइयों,दवाई
रखा,रख
"२८,७३७",२८७३७
तराशकर,तराश
जाने,जा
नज़र,नजर
सिक्खी,सिक्ख
पार्टनरों,पार्टनर
अक़बर,अकबर
विस्फ़ोट,विस्फोट
कुम्हारों,कुम्हार
हैँ,है
तस्वीरों,तसवीर
समझाया,समझा
रुका,रुक
चलानी,चला
पड़ोसियों,पड़ोसी
लगाएगी,लगा
दौड़े,दौड़
बताई,बता
बिछाया,बिछा
सुझाया,सुझा
लिखना,लिख
पर्यवेक्षकों,पर्यवेक्षक
मचाने,मचा
रही,रह
फंसाया,फँसा
मुकदमें,मुकदमा
दिलाएंगे,दिला
संस्थाएं,संस्था
काटने,काट
ओढ़ाया,ओढ़ा
टुकड़ों,टुकडा
लुभाती,लुभा
तीनों,तीन
यादें,याद
तलाशते,तलाश
भ्रांतियों,भ्रांति
फेरों,फेरा
ज़िम्मेदारी,जिम्मेदारी
आये,आ
पहुंचेगी,पहुंच
निकायों,निकाय
गलियाँ,गली
हृदयेश,हृदयश
सिगरेटों,सिगरेट
बाक़ी,बाकी
महीनों,महीना
सजने,सज
लेगी,ले
युद्घपोतों,युद्घपोत
बादलों,बादल
उड़ानें,उड़ान
सूचनाएं,सूचना
टुकड़ी,टुकडी
उबरते,उबर
बाशिंदों,बाशिंदा
क़ायम,कायम
सुधारों,सुधार
डिजाइंस,डिजाइन
खानों,खाना
खरीदे,खरीद
सिपाहियों,सिपाही
सुनता,सुन
वांछितों,वांछित
कोष्ठकों,कोष्ठक
आकर,आ
परिवारों,परिवार
कड़े,कडा
दौरों,दौरा
अलापा,अलाप
अफ़गानिस्तान,अफगानिस्तान
कहलाता,कहला
धोना,धो
लड़कियों,लडकी
रास्तों,रास्ता
मिलेगीं,मिल
दूरियों,दूरी
मापी,माप
शियाओं,शिया
नागरिकों,नागरिक
पूंजीपतियों,पूंजीपती
पंडितों,पंडित
सम्पन्न,संपन्न
लूटे,लूट
कूदने,कूद
टिकी,टिक
रची,रच
मापदंडों,मापदंड
संवारने,सँवार
लेने,ले
जोड़ती,जोड़
जताएंगे,जता
किस्तों,किस्त
घसीटना,घसीट
भावनाओं,भावना
महारथियों,महारथी
टांगे,टांग
दसियों,दस
देकर,दे
जताए,जता
मिसाइलों,मिसाइल
पेंगें,पेंग
बरसते,बरस
मिलती,मिल
बनवाने,बन
टटोलकर,टटोल
बीते,बीत
करोड़ों,करोड
समेटने,समेट
चाहतीं,चाह
गिनाते,गिना
परिवर्तनों,परिवर्तन
बैचों,बैच
हूं,है
सजाएंगे,सजा
उपकेंद्रों,उपकेंद्र
फिल्माए,फिल्मा
फैलाता,फैला
रुकवाई,रुकवा
पहुंचा,पहुंच
जरूरतों,जरूरत
आएगा,आ
ग्लेशियरों,ग्लेशियर
सुनाएगा,सुना
गलियारों,गलियारा
फेंककर,फेंक
मुझे,मैं
दोनों,दो
खोते,खो
जीती,जीत
संवाददाताओं,संवाददाता
बना,बन
बदलावों,बदलाव
समितियां,समिति
उतरेगा,उतर
परिंदों,परिंदा
लाभार्थियों,लाभार्थी
दस्तावेजों,दस्तावेज
ड्राफ़्ट,ड्राफ्ट
पनपती,पनप
भरना,भर
पढ़ते,पढ
बढ़ाएगा,बढ़ा
बाजारों,बाजार
खरीदकर,खरीद
मुक़ाबला,मुकाबला
लेटे,लेट
सहेलियों,सहेली
उम्मीदें,उम्मीद
बुलाये,बुला
बचेगा,बच
देगा,दे
चमचमाती,चमचमा
भूखंडों,भूखंड
निबटने,निबट
छिपाने,छिपा
व्यवस्थाएं,व्यवस्था
छाने,छान
बख्शा,बख्श
एस.,एस
मंडियों,मंडी
मिटाता,मिटा
दुश्वारियों,दुश्वारी
चीजों,चीज
आवाज़,आवाज
लौटते,लौट
सुनते,सुन
अंगों,अंग
संभालना,संभाल
ढकी,ढक
संभागों,संभाग
घटकर,घट
ग्लोबेट्यूड्स,ग्लोबेट्यूड
अंचलों,अंचल
पहुँचाएं,पहुँचा
कार्यक्रमों,कार्यक्रम
विस्फोटों,विस्फोट
मांगा,मांग
खीझकर,खीझ
मनाने,मना
बटालियनों,बटालियन
पिछड़े,पिछड
तराशे,तराश
खर्चों,खर्च
पुलों,पुल
मेहमानों,मेहमान
उबरना,उबर
फोटोग्राफरों,फोटोग्राफर
बच्चियों,बच्ची
भविष्यवाणियां,भविष्यवाणी
डालकर,डाल
आँखों,आँख
विभागों,विभाग
जाएंगीं,जा
रखते,रख
मुर्गों,मुर्गा
उछालने,उछाल
बढ़ा,बढ़
आईं,आ
बदलेंगे,बदल
बचने,बच
मारकर,मार
"४,००,९६६",४००९६६
उठते,उठ
डी.,डी
बरतनी,बरत
परीक्षाएं,परीक्षा
पूछा,पूछ
ठहरने,ठहर
प्रतिनिधियों,प्रतिनिधि
काजियों,काजी
जानकारियाँ,जानकारी
बचाएगा,बचा
परतों,परत
छेडे,छेड
हफ़्तों,हफ्ता
स्टीकरों,स्टीकर
घेरने,घेर
सोसायटियों,सोसायटी
निकालने,निकाल
पाएगा,पा
लकड़ी,लकडी
इकाइयों,इकाई
जानबूझकर,जानबूझ
मुलाक़ात,मुलाकात
आड़े,आडा
रहेंगे,रह
निकालकर,निकाल
छूने,छू
मिलनी,मिल
एजेंटों,एजेंट
चढ़ने,चढ़
पहचानता,पहचान
चिंगारियां,चिंगारी
हत्याओं,हत्या
बाँधकर,बाँध
उर्वरकों,उर्वरक
तक़नीक,तकनीक
न्यायाधीशों,न्यायाधीश
जुड़ना,जुड़
कड़ी,कडी
पड़ेगा,पड
रोककर,रोक
मवेशियों,मवेशी
रोका,रोक
मास्टरों,मास्टर
उभरते,उभर
ठुकराते,ठुकरा
दौड़ती,दौड़
बोलीं,बोल
"18,230",18230
दाँतो,दाँत
सदियों,सदी
जायेंगी,जा
लाइंस,लाइन
अदालतों,अदालत
छेड़ा,छेड
सैनिकों,सैनिक
उठकर,उठ
चमकती,चमक
जिन,जो
नौकरशाहों,नौकरशाह
तराशा,तराश
रोया,रो
सराहना,सराह
रखें,रख
समानताओं,समानता
रगड़,रगड
दामों,दाम
विधाओं,विधा
बनाकर,बना
अभी,अब
डूबने,डूब
"३७,०००",३७०००
बताया,बता
खबरों,खबर
आश्रितों,आश्रित
राज़ी,राजी
लम्बी,लंबा
स्रोतों,स्रोत
जाएँगीं,जा
छोड़ी,छोड़
कराना,कर
सीरियलों,सीरियल
भाइयों,भाई
नसबंदियां,नसबंदी
हितों,हित
गड़बड़ी,गडबडी
चढ़,चढ
मिलेंगी,मिल
गाँवों,गाँव
पहुंचकर,पहुंच
लाना,ला
काटते,काट
उतरते,उतर
बढ़ाई,बढ़ा
छिपे,छिप
साधकों,साधक
हफ्तों,हफ्ता
लगतीं,लग
इंतज़ार,इंतजार
पद्धतिओं,पद्धति
घिरे,घिर
डालेगा,डाला
पुरूषों,पुरूष
बढ़ेगा,बढ़
हवाएं,हवा
खोली,खोल
कराएं,करा
मुसलमानों,मुसलमान
महासचिवों,महासचिव
पड़ेगी,पड़
कश्मीर,कशमीर
लड़ते,लड
नृत्‍य,नृत्य
अठखेलियाँ,अठखेली
मूर्तियों,मूर्ति
सुधारना,सुधार
लपटें,लपट
उबारने,उबार
हटना,हट
उपकरणों,उपकरण
छेड़ा,छेड़
लड़ेगी,लड
रजिस्ट्रारों,रजिस्ट्रार
मरीजों,मरीज
धड़े,धडा
बत्तियां,बत्ती
उड़ानों,उडान
बिखेरे,बिखेर
बढ़,बढ
तिब्बतियों,तिब्बति
विसंगतियों,विसंगति
तड़प,तडप
छोड़ी,छोड
पड़ीं,पड़
घुसपैठियों,घुसपैठ
घटने,घट
मनाएगा,मना
पांचों,पांच
बर्दाश्त,बर्दाशत
सिद्धांतों,सिद्धांत
"40,490",40490
निर्धनों,निर्धन
आदेशों,आदेश
फलों,फल
कस्बों,कस्बा
टाइगर्स,टाइगर
पहुँचे,पहुँच
आत्महत्याएँ,आत्महत्या
चलता,चल
बढ़ाये,बढा
क़ानून,कानून
विस्फोटकों,विस्फोटक
मान्यताओं,मान्यता
झलकता,झलक
जिसको,जो
"२०,०००",२०
सुने,सुन
घुसे,घुस
खरीदना,खरीद
बरतना,बरत
औपचारिकताएँ,औपचारिकता
दोहराई,दोहरा
बचाने,बचा
हिलाने,हिला
लोगों,लोग
देंगे,दे
बीड्स,बीड
भावनाएं,भावना
अखाड़े,अखाडा
मतदाताओं,मतदाता
डाक्टरों,डाक्टर
कर्ताओं,कर्ता
हवाईअड्डों,हवाईअड्डा
चिथड़े,चिथडा
छोड़ूंगा,छोड़
अधिकारों,अधिकार
कानूनों,कानून
"१३,७००",१३७००
कछुओं,कछुआ
प्रतिभागियों,प्रतिभागी
मतपेटियों,मतपेटी
बातों,बात
लानी,ला
दिखता,दिख
देता,दे
घोषणाएं,घोषणा
देखेंगे,देख
रेलगाड़ियों,रेलगाड़ी
अड़ंगा,अडंगा
पड़ताल,पडताल
बाढ़,बाढ
मामलों,मामला
प्लांटों,प्लांट
बढ़ाएंगे,बढ़ा
ठहरेंगे,ठहर
ख़त्म,खत्म
नारों,नारा
"२२,०००",२२०००
छापामारों,छापामार
उतरेंगे,उतर
आएँ,आ
होंगें,हो
नागालैंडा,नागालैंड
फ्लैटों,फ्लैट
भाषाओं,भाषा
टेपों,टेप
चढ़ा,चढा
गिरना,गिर
समझा,समझ
हक़ीकत,हकीकत
घुसपैठियों,घुसपैठी
बहना,बह
मरा,मर
"१,२७,५११",१२७५११
उतारा,उतार
फ़र्जी,फर्जी
बिताने,बिता
खाना,खा
आँकड़ों,आँकडा
जुटाई,जुटा
जरूरतमंदों,जरूरतमंद
पिलायी,पिला
करानी,करा
बिगड़,बिगड
घटकों,घटक
गोरखाओं,गोरखा
डालीं,डाल
आत्माओं,आत्मा
कीं,कर
कहना,कह
चाहें,चाह
साफ़,साफ
पीढ़ी,पीढी
हारी,हार
साक्ष्यों,साक्ष्य
निभाता,निभा
इकाइयां,इकाई
उठती,उठ
पैरों,पैर
वामदलों,वामदल
कहेंगे,कह
फर्नांडिज,फनॅडिस
अपनाता,अपना
बेजोड़,बेजोड
अपीलों,अपील
करवाते,करवा
पिछड़े,पिछडा
अड़चनें,अड़चन
कराकर,करा
बढ़े,बढ़
रचे,रच
मिलना,मिल
आर.,आर
डालता,डाल
लेकर,ले
मुक़दमे,मुकदमा
मनाए,मना
पड़ी,पड
निखारने,निखार
रुख़,रुख
लाभांवितों,लाभांवित
मुगलों,मुगल
चले,चल
खींचता,खींच
बढ़ना,बढ़
बढ़ाया,बढ़ा
नन्हें,नन्हा
दावों,दावा
नरेन्द्र,नरेंद्र
आजमाने,आजमा
नज़दीक,नजदीक
रखकर,रख
करवाता,कर
पड़,पड
कक्षाओं,कक्षा
विधवाओं,विधवा
अभियुक्तों,अभियुक्त
युवाओं,युवा
छपने,छप
उठाएँगे,उठा
बिके,बिक
सुधरे,सुधर
छिपता,छिप
अपनाया,अपना
"४,८९८",४
मुद्राएं,मुद्रा
पलटी,पलट
जिप्सियों,जिप्सी
खरीदनी,खरीद
उत्तराधिकारियों,उत्तराधिकारी
भागीं,भाग
सुनाई,सुना
वकीलों,वकील
राज्यपालों,राज्यपाल
रहने,रह
सुंदरियों,सुंदरी
सुधारी,सुधार
क्षत्राणियाँ,क्षत्राणी
भराया,भरा
प्रणालियां,प्रणाली
देंगी,दे
यानों,यान
गिरता,गिर
जाएंगे,जा
दिवसों,दिवस
फसलों,फसल
पड़ना,पड
सोचना,सोच
इच्‍छानुसार,इच्छानुसार
जोड़ने,जोड़
"५४,०००",५४
पढ़कर,पढ़
खाता,खा
बैठकों,बैठक
सुविधाओं,सुविधा
साज़िश,साजिश
जनसभाएं,जनसभा
पहलुओं,पहलू
आभूषणों,आभूषण
गिरते,गिर
सांसदों,सांसद
इशारों,इशारा
बेचकर,बेच
रोकते,रोक
ओडीबल्स,ओडीबल
उपभोक्ताओं,उपभोक्ता
सोचते,सोच
आंखें,आंख
समझने,समझ
रुकने,रुक
खुलवाए,खुलवा
सड़ते,सड
दागने,दाग
पाने,पा
मिलने,मिल
अध्ययनों,अध्ययन
छोड़ेगी,छोड़
उठाकर,उठा
सोए,सो
सूझी,सूझ
मानवाधिकारों,मानवाधिकार
पढ़ाई,पढ़ा
शिकारों,शिकारा
"100,000",100000
मालिकों,मालिक
लगाइएगा,लगा
गड़गड़ाहट,गडगडाहट
व्यवसायियों,व्यवसायी
लड़ा,लड़
शोलों,शोला
हटी,हट
विभूतियों,विभूति
सुनना,सुन
तपता,तप
उगलवा,उगल
"१०,०००",१०
ए.डबल्यू.डबल्यू.ए.,ए.डबल्यू.डबल्यू.ए
कर्तव्यों,कर्तव्य
ग्रंथों,ग्रंथ
डूबा,डूब
उठाए,उठा
पहुँचते,पहुँच
छेड़,छेड
महापुरुषों,महापुरुष
चैनलों,चैनल
दिल्लीवासियों,दिल्लीवासी
भेजती,भेज
सोचें,सोच
रचनाकारों,रचनाकार
बीजेंगे,बीज
जिसे,जो
जोड़े,जोड
जाये,जा
महासमुंद,महासमंद
लाया,ला
उत्पादों,उत्पाद
सीटों,सीट
फोड़ना,फोड़
खोएं,खो
खिलवाड़,खिलवाड
अड़ा,अड़
बौद्धों,बौद्ध
पुलिसकर्मियों,पुलिसकर्मी
वस्तुओं,वस्तु
सजा,सज
घुट्टियां,घुट्टी
पहुँचाना,पहुँचा
चली,चल
चढ़कर,चढ
धोए,धो
डिब्बों,डिब्बा
मक़बरा,मकबरा
गल्र्रर्स,गर्ल्र
थोड़ी,थोडी
चढ़ाया,चढ़ा
बताते,बता
हटकर,हट
बसें,बस
अवधियों,अवधि
पिरोने,पिरो
बनाएगी,बना
सुलझने,सुलझ
छापे,छाप
संचालकों,संचालक
पृष्ठों,पृष्ठ
रोते,रो
छोड़े,छोड
मछुआरों,मछुआरा
लिखवाया,लिखवा
सिक्खों,सिक्ख
खोलने,खोल
पहुंचता,पहुंच
बेचा,बेच
खासी,खास
सूखी,सूख
मानती,मान
भड़केगा,भड़क
गार्डों,गार्ड
एयरलाइंसों,एयरलाइन
लौटाया,लौटा
ज़िक्र,जिक्र
बुलाने,बुला
सुना,सुन
संभालने,संभाल
विहारों,विहार
महिलाएँ,महिला
नियोक्ताओं,नियोक्ता
शिक्षाकर्मियों,शिक्षाकर्मी
प्रताड़ित,प्रताडित
बढ़ाए,बढ़ा
चिकित्सकों,चिकित्सक
पैंथर्स,पैंथर
"60,735",60735
बढ़ा,बढ
सिटीजंस,सिटीजन
करवा,करा
गंवाना,गँवा
चुनी,चुन
उड़ता,उड
किस्मों,किस्म
मिलेंगे,मिल
मोर्चों,मोर्चा
फैक्ट्रियों,फैक्ट्री
खींचती,खींच
जमीनें,जमीन
झुलसते,झुलस
चुराने,चुरा
सट्टेदारों,सट्टेदार
पंहुचने,पंहुच
बनता,बन
उतरती,उतर
करवा,कर
प्रधानमंत्रियों,प्रधानमंत्री
कब्रें,कब्र
एयरलाइनों,एयरलाइन
कहलाने,कहला
बढ़ेगी,बढ
तौलने,तौल
यूनियनों,यूनियन
उल्टियाँ,उल्टी
बैठी,बैठ
बनेगा,बन
लड़ाकू,लडाका
बैठीं,बैठ
नदियाँ,नदी
जाने,जान
गुजरते,गुजर
तलाशना,तलाश
स्वयंसेवकों,स्वयंसेवक
टैक्सियाँ,टैक्सी
घसीटने,घसीट
बुलाया,बुला
स्वयंनिर्मित,स्वयं
आतंकियों,आतंकी
बैंकों,बैंक
ऑप्शन्स,ऑप्शन
टेंडरों,टेंडर
रुकते,रुक
सकेगी,सक
खाऊंगी,खा
तक़नीकी,तकनीकी
कटा,कट
सितारों,सितारा
रोके,रोक
शरणार्थियों,शरणार्थी
डालेगी,डाल
बढ़ता,बढ़
नौकरियों,नौकरी
खुदाइयों,खुदाई
चुनौतियों,चुनौती
दिनों,दिन
स्टूडेंट्स,स्टूडेंट
मिलाया,मिला
कर्मियों,कर्मी
लम्बे,लंबा
पक्षियों,पक्षी
चाहे,चाह
दिखाती,दिखा
हवाओं,हवा
पुस्तकें,पुस्तक
राजस्‍थान,राजस्थान
परिस्थितियां,परिस्थिति
नरमपंथियों,नरमपंथी
लदे,लद
तोड़ने,तोड
महानिदेशकों,महानिदेशक
हमारा,हम
गौड़,गौड
मैदानों,मैदान
दिखाकर,दिखा
जवानों,जवान
मदरसों,मदरसा
बिल्लियां,बिल्ली
वृक्षों,वृक्ष
ढेरों,ढेर
बचाई,बचा
ओवरों,ओवर
धमकियां,धमकी
सुलझता,सुलझ
घटेंगी,घट
शिपयार्डो,शिपयार्ड
पार्टियों,पार्टी
ताज़ा,ताजा
उद्योगपतियों,उद्योगपति
बिखेरने,बिखेर
चूके,चूक
भोगियों,भोगी
दोहराया,दोहरा
मुद्दों,मुद्दा
गेंदों,गेंद
झाड़ने,झाड़
टटोलें,टटोल
वर्षो,वर्ष
विशेषज्ञों,विशेषज्ञ
जीते,जीत
बीता,बीत
अख़बार,अखबार
छेड़ने,छेड़
उपहारों,उपहार
दर्जनों,दर्जन
सैलानियों,सैलानी
भेजेंगे,भेज
लगेगा,लग
जुटी,जुट
टीमों,टीम
नुक़सान,नुकसान
सताई,सता
सुविधाएं,सुविधा
रस्सियों,रस्सी
संभालकर,संभाल
दिक्कतों,दिक्कत
रोकता,रोक
बाज़ारों,बाजार
मिली,मिल
मीनारों,मीनार
भविष्यवाणियों,भविष्यवाणी
डालना,डाल
बाँधने,बाँध
निकालती,निकाल
खतरों,खतरा
पदचिन्हों,पदचिन्ह
ख़रीदारी,खरीदारी
हाथों,हाथ
आज़ाद,आजाद
बोलना,बोल
हितैषियों,हितैषी
परीक्षार्थियों,परीक्षार्थी
पदों,पद
देशवासियों,देशवासी
सुरक्षाबलों,सुरक्षाबल
जानें,जान
हारने,हार
"५०,६४१",५०६४१
पहुंची,पहुंच
सेंटरों,सेंटर
युवतियों,युवती
कराये,करा
ब्रोकरों,ब्रोकर
दर्शकों,दर्शक
सीखते,सीख
गुजरेगा,गुजर
असमानताओं,असमानता
हमसे,हम
आता,आ
रखेगा,रख
झलकियां,झलकी
ट्रेनों,ट्रेन
सराहा,सराह
धब्बों,धब्बा
चाहने,चाह
गिरे,गिर
हस्तियां,हस्ती
बैगों,बैग
तारों,तार
दिखे,दिख
कहा,कह
बरते,बरत
करोड़,करोड
बिछाए,बिछा
जीता,जीत
लोढ़ा,लोढा
चलना,चल
पाई,पा
खांमियों,खांमी
सौंपा,सौंप
खामियां,खामी
बनाई,बना
वजहों,वजह
प्रगाढ़,प्रगाढ
कहता,कह
बदली,बदल
"२०,०००",२००००
चुके,चुक
दिखाना,दिखा
केमिकल्स,केमिकल
लौटता,लौट
३२९३२९,३२९
चिल्लाना,चिल्ला
धरना,धर
फंसने,फँस
चोटियों,चोटी
राजनेताओं,राजनेता
हत्याएं,हत्या
लड़ाई,लडाई
किए,कर
भगोड़े,भगोडा
आँकड़ों,आँकड़ा
थीं,था
सचिवों,सचिव
गरीबों,गरीब
बनवाए,बना
नवाजा,नवाज
कैंटीनों,कैंटीन
जुलूसों,जुलूस
खरीदा,खरीद
संबंधियों,संबंधी
अपनाएगी,अपना
हकीकतों,हकीकत
खुलने,खुल
बनाना,बना
जिससे,जो
बढ़ीं,बढ
फैलती,फैल
केन्द्रीय,केंद्रीय
जताने,जता
जिनमें,जो
बीमारियों,बीमारी
आश्चर्यो,आश्चर्य
रेलगाड़ियां,रेलगाड़ी
हवेलियाँ,हवेली
बोला,बोल
खुलकर,खुल
भेजे,भेज
एसोसिएशनों,एसोसिएशन
चेहरों,चेहरा
सोचने,सोच
पाएंगे,पा
सेवाएँ,सेवा
मैने,मै
पी.,पी
अभिभावकों,अभिभावक
जुड़ा,जुड़
खोलते,खोल
अपवंचकों,अपवंचक
निभानी,निभा
छिड़ी,छिड
झुककर,झुक
चुकाई,चुका
निरीक्षकों,निरीक्षक
टैक्सेज,टैक्स
टेकने,टेक
उतरकर,उतर
मांगनी,मांग
पटुवों,पटुवा
शीटों,शीट
पढ़ने,पढ़
बंटे,बंट
कंपनियाँ,कंपनी
करना,कर
होती,हो
प्रोग्रामों,प्रोग्राम
दूतावासों,दूतावास
पड़ने,पड
कार्रवाइयों,कार्रवाई
देखेंगी,देख
बनाएं,बना
पंहुची,पंहुच
दिखाएं,दिखा
होते,हो
श्रीकृष्‍ण,श्रीकृष्ण
गिरकर,गिर
शर्तों,शर्त
ख़ुफिया,खुफिया
पंचायतें,पंचायत
आरोपों,आरोप
वीनने,वीन
बढ़ना,बढ
लड़ाकों,लड़ाका
पिघलने,पिघल
करें,कर
वसूला,वसूल
तालाबों,तालाब
ठिकानों,ठिकाना
यही,यह
थकती,थक
रसीदें,रसीद
दौड़ता,दौड़
पहनाने,पहना
जिसका,जो
खेलकर,खेल
खिंचवाई,खिँच
चलाती,चला
लौटाने,लौटा
सीखा,सीख
भिक्षुओं,भिक्षु
इलाक़े,इलाका
किलों,किला
व्यवस्थाओं,व्यवस्था
नहाया,नहा
लौटा,लौट
बनाएंगे,बना
सुझाएगी,सुझा
हों,है
बाछें,बाछ
लुभाता,लुभा
बनायी,बना
रहा,रह
बांहों,बांह
छतें,छत
बेचती,बेच
भेजना,भेज
जानते,जान
आए,आ
चौकियाँ,चौकी
तलाशी,तलाश
पहुँचा,पहुंच
अतिरिक्‍त,अतिरिक्त
पड़े,पड़
नमाजियों,नमाजी
क़ाफिले,काफिला
पीना,पी
मिलें,मिल
ढोलों,ढोल
पहाड़ियां,पहाड़ी
लड़कों,लडका
"४०,०००",४००००
जमकर,जम
चट्टानें,चट्टान
खेलती,खेल
बीतने,बीत
पहचाना,पहचान
कीजिए,कर
पहुंचने,पहुंच
खुलवाया,खुलवा
घटनाएं,घटना
झटकने,झटक
शोधकर्ताओं,शोधकर्ता
दलितों,दलित
बुझे,बुझ
रदों,रदा
कैरक्टरों,कैरक्टर
दिखाएगा,दिखा
साहबों,साहब
किसी,कोई
शक्तियों,शक्ति
निभाने,निभा
"४,८२४",४८२४
खुशियां,खुशी
अजनबियों,अजनबी
चप्पुओं,चप्पू
नोएडावासियों,नोएडावासी
तुक़,तुक
उठाएं,उठा
पाले,पाल
बुलानी,बुला
कविताओं,कविता
मिला,मिल
गिराने,गिरा
तड़के,तडके
प्रतिभाओं,प्रतिभा
संतरियों,संतरी
टूटे,टूट
रचा,रच
विस्फ़ोटक,विस्फोटक
थिंग्स,थिंग
विश्वविद्यालयों,विश्वविद्यालय
यात्रियों,यात्री
तत्त्वों,तत्त्व
तूफानों,तूफान
पेंटिंग्स,पेंटिंग
जुटाया,जुटा
अटकने,अटक
अड्डों,अड्डा
झुकाने,झुका
ज़्यादा,ज्यादा
लौटी,लौट
बैंकरों,बैंकर
मिटाने,मिटा
पहुँचा,पहुँच
शुल्कों,शुल्क
मल्टीपलेक्सेज,मल्टीपलेक्स
लटकाए,लटका
सामानों,सामान
बिछा,बिछ
पतियों,पति
हथौड़ों,हथौडा
मिलता,मिल
निगाहें,निगाह
दौड़ती,दौड
छापी,छाप
बाबुओं,बाबू
आयोजकों,आयोजक
फ़ोन,फोन
शहरवासियों,शहरवासी
संभालेंगीं,संभाल
लेता,ले
स्टडीज,स्टडी
निपटने,निपट
सर्दियों,सर्दी
हॉलों,हॉल
दानकर्ताओं,दानकर्ता
प्रभारियों,प्रभारी
व्यक्तियों,व्यक्ति
जख्मों,जख्म
जूझना,जूझ
उड़ने,उड़
उत्सवों,उत्सव
डिशों,डिश
हादसों,हादसा
फर्मों,फर्म
कार्यों,कार्य
अनेकों,अनेक
बिठाकर,बिठा
पत्‍थरों,पत्थर
निर्देशों,निर्देश
अधिकारियों,अधिकारी
देने,दे
बढ़ी,बढ़
कसता,कस
रनों,रन
सूचनाओं,सूचना
बहने,बह
नजारों,नजारा
जाओ,जा
टुकड़ियों,टुकडी
छोड़,छोड
सृजनात्‍मक,सृजनात्
अटकलों,अटकल
सरहदों,सरहद
तापमानों,तापमान
चौकियों,चौकी
रखने,रख
बदले,बदल
परम्परागत,परंपरागत
पहचानने,पहचान
आकृतियाँ,आकृति
तालियां,ताली
धाराओं,धारा
हथियारों,हथियार
उठानी,उठा
कार्यकर्ताओं,कार्यकर्ता
दवाईयाँ,दवाई
कामयाबियाँ,कामयाबी
तेज़ी,तेजी
बिछुड़ी,बिछुड
जगी,जग
उमड़ी,उमड
बोलने,बोल
भेजते,भेज
मिटा,मिट
दवाएं,दवा
धमकाते,धमका
छिड़ी,छिड़
बोलकर,बोल
थपथपाकर,थपथपा
जगमगाने,जगमगा
सकता,सक
ठगा,ठग
उपद्रवियों,उपद्रवी
फायदों,फायदा
सुनने,सुन
नुमाइंदें,नुमाइंदा
डरने,डर
पीड़ितों,पीड़ित
जाएगी,जा
कसमसाते,कसमसा
जनश्रुतियाँ,जनश्रुति
बताने,बता
"२६,०००",२६
क़िला,किला
हिन्दुत्व,हिंदुत्व
दबी,दब
संतों,संत
टेके,टेक
फेंकते,फेंक
चौंका,चौंक
मौतें,मौत
उतरना,उतर
कन्याओं,कन्या
गंवाने,गँवा
आपका,आप
सधे,सध
"2,500",2500
हदें,हद
काटना,काट
आपत्तियां,आपत्ति
हुए,हो
साइटों,साइट
गाइडों,गाइड
जलने,जल
कार्रवाईयों,कार्रवाई
गाया,गा
बाँटने,बाँट
दरों,दर
मोड़ना,मोड़
संभावनाएं,संभावना
सबकी,सब
ख़ान,खान
पगडंडियां,पगडंडी
छीनी,छीन
समझाने,समझा
दोहराए,दोहरा
पहनना,पहन
"८५,०००",८५०००
"९,०००",९०००
तुमने,तुम
बनवाई,बन
मालाएं,माला
सुनकर,सुन
लिखा,लिख
अपराधों,अपराध
जाएंगी,जा
ह़द,हद
जाड़े,जाडा
करने,कर
आदमियों,आदमी
चुकी,चुक
खटखटाओ,खटखटा
माँगें,माँग
हालात,हालत
बैठाकर,बैठा
अपनाई,अपना
चित्‍तौड़,चित्तौड़
फहराने,फहरा
चिट्ठियां,चिट्ठी
भगोड़ा,भगोडा
छुड़वाए,छुडवा
लाठियां,लाठी
होकर,हो
मरते,मर
रेस्तरांओं,रेस्तरां
चलेंगे,चल
घड़े,घडा
आंकें,आंक
झुकाना,झुका
जतायी,जता
कांग्रेसियों,कांग्रेसी
सबको,सब
इलाकों,इलाका
"११,१२०",१११२०
एअरलाइंस,एअरलाइन
रहती,रह
बोलती,बोल
क़वायद,कवायद
फंसा,फँस
दिखाता,दिखा
दवाइयां,दवाई
ऑफिसर्स,ऑफिसर
आपको,आप
दिखाते,दिखा
माननी,मान
स्थितियां,स्थिति
दीर्घाओं,दीर्घा
घिरने,घिर
करे,कर
फिल्‍माया,फिल्‍मा
"१,५००",१५००
घटाकर,घटा
रैलियाँ,रैली
पाते,पा
संभाला,संभाल
सटे,सट
आएंगे,आ
उग्रवादियों,उग्रवादी
लुत्‍फ,लुत्फ
"थी,",था
प्रदर्शनों,प्रदर्शन
चूड़ियां,चूड़ी
जाटों,जाट
पिछड़ापन,पिछडापन
शिकायतों,शिकायत
देखी,देख
भूलकर,भूल
जोड़ी,जोडी
रातों,रात
श्रद्धालुओं,श्रद्धालु
बिठाना,बिठा
पहनें,पहन
रहीं,रह
मनाएगीं,मना
गढ़वाल,गढवाल
पोछते,पोछ
खादिमों,खादिम
जिसके,जो
नीतियां,नीति
चलने,चल
यंगस्टर्स,यंगस्टर
राशियों,राशि
गलने,गल
अनियमितताएं,अनियमितता
सौभाग्‍य,सौभाग्
गुज़रते,गुजर
पंखुड़ियाँ,पंखुडी
युद्धों,युद्ध
ड्राईवर्स,ड्राईवर
बैठने,बैठ
गोलियों,गोली
निभाई,निभा
अल्पसंख्यकों,अल्पसंख्यक
उच्चाधिकारियों,उच्चाधिकारी
लड़ना,लड़
पीड़ितों,पीडित
साथियों,साथी
सपनों,सपना
तांत्रिकों,तांत्रिक
परीक्षाओं,परीक्षा
आंसुओं,आंसू
अस्पतालों,अस्पताल
मोरचों,मोरचा
दलालों,दलाल
टिकटों,टिकट
रिवाल्वरों,रिवाल्वर
लहराते,लहरा
चट्टानों,चट्टान
छूटने,छूट
बारीकियों,बारीकी
अफ़सोस,अफसोस
संभाले,संभाल
निपटाए,निपटा
क्षमताओं,क्षमता
लौटना,लौट
लाने,ला
शर्तो,शर्त
युद्घों,युद्घ
खाद्यान्नों,खाद्यान्न
भुलाकर,भुला
बचता,बच
ढंके,ढंक
बजी,बज
इंजिनों,इंजिन
भागना,भाग
हड़ताल,हडताल
अदालतें,अदालत
श्रमिकों,श्रमिक
भूलिएगा,भूल
खिली,खिल
मछलियां,मछली
कामों,काम
मुख्यालयों,मुख्यालय
कंटेनरों,कंटेनर
दौड़,दौड
अध्यक्षों,अध्यक्ष
पड़ता,पड
कैथोलिक्स,कैथोलिक
बढ़ाकर,बढा
बुलाती,बुला
गिरिजाघरों,गिरिजाघर
सीढ़ियों,सीढ़ी
जेड्स,जेड
सुनाया,सुना
नदियां,नदी
बोलता,बोल
याचिकाएँ,याचिका
झुकी,झुक
"१५,०००",१५०००
भूलतीं,भूल
मांगों,मांग
जिस,जो
तहसीलों,तहसील
संसाधनों,संसाधन
खिड़कियों,खिडकी
आकांक्षाओं,आकांक्षा
गुजरना,गुजर
रणनीतिकारों,रणनीतिकार
बनती,बन
झेले,झेल
पढ़ा,पढ़
पडेगा,पड़
बसाने,बसा
समस्याओं,समस्या
रखे,रख
चुनने,चुन
ग्राहकों,ग्राहक
सरका,सरक
छिपाई,छिपा
विश्‍वास,विश्वास
तकनीकों,तकनीक
अधीक्षकों,अधीक्षक
पहनीं,पहन
जानकारियां,जानकारी
फौजें,फौज
टकराई,टकरा
प्रतिमाओं,प्रतिमा
गृहों,गृह
अपहरणकर्ताओं,अपहरणकर्ता
हमलों,हमला
नेताओं,नेता
उत्तरपूर्वी,उभरपूर्वी
संपर्कों,संपर्क
मचाई,मचा
बचे,बच
तैयारियां,तैयारी
जाना,जान
बाज़ार,बाजार
प्रभावितों,प्रभावित
मुख्यमंत्रियों,मुख्यमंत्री
जरूरतें,जरूरत
चाहेंगे,चाह
लगाएंगी,लगा
फंडों,फंड
सुविधाएँ,सुविधा
बंदिशों,बंदिश
माध्यमों,माध्यम
घटनाओं,घटना
जोड़कर,जोड
पहचाने,पहचान
सिखाई,सिखा
उठायी,उठा
बंदूकें,बंदूक
उत्पीड़न,उत्पीडन
टूटा,टूट
सेंसरों,सेंसर
पलटनें,पलटन
लोंगों,लोंग
सिफारिशों,सिफारिश
मानना,मान
चिंताएं,चिंता
निकलने,निकल
उतारेंगी,उतार
कुचलने,कुचल
हुआ,हो
रहीँ,रह
बुलाकर,बुला
ढेरियों,ढेरी
गिराया,गिरा
बदलें,बदल
पैसों,पैसा
तोड़ते,तोड़
बढ़ाये,बढ़ा
गांवों,गांव
लगाया,लग
घटाई,घटा
पहुंचाने,पहुंचा
खटखटाएंगे,खटखटा
निपटाने,निपटा
स्टैंडर्ड्स,स्टैंडर्ड्
उकेरा,उकेर
उतारे,उतार
लपेटा,लपेट
बढ़ती,बढ़
बख्शेंगे,बख्श
उद्यमियों,उद्यमी
संबंधों,संबंध
उठाइएगा,उठा
कसना,कस
डालिए,डाल
सिंह,सह
बनाये,बना
बिछाने,बिछा
करो,कर
फैलाकर,फैला
कबूलने,कबूल
हजारों,हजार
पेट्रोकेमिकल्स,पेट्रोकेमिकल
घुमाता,घुमा
दरें,दर
घूमें,घूम
ग्रहों,ग्रह
सोने,सो
विरोधियों,विरोधी
बेटियों,बेटी
बिवरेजेज,बिवरेज
फसलें,फसल
पलटा,पलट
पंजाबियों,पंजाबी
विदेशों,विदेश
खोलकर,खोल
शुभकामनाएं,शुभकामना
नौकाएं,नौका
पूछने,पूछ
सीढ़ियाँ,सीढ़ी
छाते,छा
बनवाए,बनवा
ग्‍यारहवीं,ग्यारहवाँ
तुमने,तू
पिछड़ने,पिछड
पालकों,पालक
टकरायी,टकरा
लगें,लग
पायलेटों,पायलेट
नक्सलियों,नक्सली
देनी,दे
सैकड़ों,सैकडा
जायेगा,जा
अड़चनों,अड़चन
किये,कर
साहित्यकारों,साहित्यकार
अंकों,अंक
फरेबियों,फरेबी
सौंपेगी,सौंप
साइंसेस,साइंस
"७०,१०१",७०१०१
लेते,ले
डेलिगेट्स,डेलिगेट
जिनको,जो
पड़ा,पड़
प्रतिष्ठानों,प्रतिष्ठान
गिरफ़्तारी,गिरफ्तारी
टूटने,टूट
कागजों,कागज
जुड़,जुड
रहनी,रह
पड़ती,पड़
कहानियां,कहानी
रुकती,रुक
दिखेगा,दिख
बड़ी,बडी
बचाना,बचा
सेवाओं,सेवा
रहना,रह
पौधों,पौध
पढ़ा,पढ
बदलवाने,बदलवा
उगाया,उगा
बुझाने,बुझा
मकबरों,मकबरा
बीती,बीत
फटका,फटक
मापने,माप
उजड़े,उजड
मिलाते,मिला
बरसाईं,बरसा
चूकेगी,चूक
खोलें,खोल
रूठा,रूठ
वस्तुएँ,वस्तु
प्रचारकों,प्रचारक
पेसरों,पेसर
साधने,साध
बढ़ाने,बढ़ा
सूचनाएँ,सूचना
प्रियजनों,प्रियजन
"१५०,०००",१५००००
लगाकर,लगा
उगाई,उगा
बचा,बच
पक्षों,पक्ष
विष्‍णु,विष्णु
मिलाने,मिला
निर्देशकों,निर्देशक
लकड़ियां,लकड़ी
३३३६०२३३३६०२,३३३६०२
सकेंगे,सक
गाडियां,गाडी
हमें,हम
समुद्रों,समुद्र
दृश्यों,दृश्य
उमड़ा,उमड
खेलना,खेल
सौपा,सौप
माँगी,मांग
खिलाड़ियों,खिलाडी
पकौड़ा,पकौडा
"8,000",8000
बढ़ी,बढ
खरीदी,खरीद
प्रदेशों,प्रदेश
जुटे,जुट
ताकतें,ताकत
स्टारों,स्टार
अपहरणों,अपहरण
वी.,वी
बढ़ोतरी,बढोतरी
कब्रों,कब्र
फूंका,फूंक
हराना,हरा
तड़पती,तडप
उपमाएँ,उपमा
लिखे,लिख
छपकर,छाप
व्हेकिल,व्हेकल
करेंगी,कर
मानकों,मानक
सपाहियों,सपाई
चाहते,चाह
शासकों,शासक
माँगे,मांग
बमों,बम
चिन्हों,चिन्ह
बहती,बह
हीरों,हीरा
यातनाएं,यातना
बढ़ने,बढ
कंधों,कंधा
सोचा,सोच
आदर्शो,आदर्श
वोटों,वोट
मारे,मार
चर्चाएं,चर्चा
पहुंचाएगा,पहुंचा
होने,हो
चुकाना,चुका
चलते,चल
जंगलों,जंगल
बेची,बेच
हलकों,हलका
फैलकर,फैल
बरछियों,बरछी
खेलने,खेल
उड़ाना,उड़ा
खाकर,खा
अविस्‍मरणीय,अविस्मरणीय
संभावनाओं,संभावना
लगेंगे,लग
उतारने,उतार
वादियों,वादी
जिम्मेदारियों,जिम्मेदारी
बढ़ाते,बढा
नकाबपोशों,नकाबपोश
करेगा,कर
दुआएं,दुआ
किसकी,कौन
भंडाफोड़,भंडाफोड
कैंपों,कैंप
हकीमों,हकीम
गलतियां,गलती
उंगलियों,उंगली
छात्राओं,छात्रा
कतारें,कतार
उकसाने,उकसा
लौटेंगे,लौट
रुकेगी,रुक
बैठते,बैठ
पेड़,पेड
नौवीं,नौवा
कराना,करा
शक़,शक
पहनेंगी,पहन
सोनी,सो
झुका,झुक
ओरलैंडोंवासियों,ओरलैंडोंवासी
संभालेंगी,संभाल
कराया,करा
सोचिये,सोच
समझता,समझ
प्रतियोगिताओं,प्रतियोगिता
नहरों,नहर
एच.,एच
उतारी,उतार
गिरा,गिर
लड़े,लड
मज़दूर,मजदूर
सीटें,सीट
लाएगी,ला
त्यागकर,त्याग
तालियों,ताली
धुरंधरों,धुरंधर
गाकर,गा
प्रवृत्तियों,प्रवृत्ति
कराया,कर
खाई,खा
गुटो,गुट
निकलती,निकल
सौंपेगा,सौंप
पेचीदगियों,पेचीदगी
खिलाड़ी,खिलाडी
रोकें,रोक
दिलाई,दिला
दिया,दे
चप्‍पलों,चप्पल
जमा,जम
चलेगी,चल
बेचनी,बेच
कहती,कह
पाण्डेय,पांडेय
बड़ी,बडा
बंधी,बँध
खटखटाया,खटखटा
न्यौता,न्यौत
पुजारियों,पुजारी
उखाड़,उखाड
स्थितियाँ,स्थिति
"१,६००",१६००
बुलाना,बुला
ढाला,ढाल
डीज़ल,डीजल
चौड़े,चौडा
भारतीयों,भारतीय
जिनसे,जो
देशों,देश
नाक़ाम,नाकाम
भुलाने,भुला
फार्मूलों,फार्मूला
बांग्लादेशियों,बांग्लादेशी
लिए,ले
लगता,लग
पहनाया,पहना
गुरुद्वारों,गुरुद्वारा
पाया,पा
सेनाएं,सेना
"२,५००",२५००
सूत्रों,सूत्र
पाँचों,पाँच
कल्पनाओँ,कल्पना
फोड़े,फोड़
ठहरी,ठहर
वाहनों,वाहन
समझना,समझ
पर्यटकों,पर्यटक
कुल्हड़ों,कुल्हड़
जमाया,जमा
विकल्पों,विकल्प
सोता,सो
राजमार्गों,राजमार्ग
घूमकर,घूम
लक्ष्यों,लक्ष्य
बरसों,बरस
दूरियाँ,दूरी
खुलवाकर,खुलवा
मॉडलों,मॉडल
मिलीं,मिल
पेड़ों,पेड़
राज्यों,राज्य
खिड़कियों,खिड़की
मज़ार,मजार
निभाएगी,निभा
गलियों,गली
गवाहों,गवाह
गुरिल्लाओं,गुरिल्ला
सवालों,सवाल
पाऊंगी,पा
अलगावादियों,अलगावादी
बेचने,बेच
गड़बड़,गडबड
नदियों,नदी
के.,के
निपटाया,निपटा
"१००,०००",१०००००
हटेगा,हट
झुकें,झुक
बोई,बो
तबकों,तबका
देखा,देख
भरी,भर
करूंगी,कर
पालने,पाल
माँगा,माँग
बालिकाओं,बालिका
बताकर,बता
खिले,खिल
अज़ीज़,अजीज
डाली,डाल
लगती,लग
वयस्कों,वयस्क
बोले,बोल
बढ़ते,बढ़
मित्रों,मित्र
करारों,करार
अजीज़,अजीज
सर्वेयरों,सर्वेयर
लॉकरों,लॉकर
चलीं,चल
कलालों,कलाल
पहुँचना,पहुँच
लूटकर,लूट
उछलते,उछल
धमकाने,धमका
पनडुब्बियों,पनडुब्बी
"11,500",11500
गानों,गाना
बिहारवासियों,बिहारवासी
"भविष्यवाणी,",भविष्यवाणी
खाइयों,खाई
लायीं,ला
बनायीं,बना
कही,कह
स्लाइड्स,स्लाइड
रेलयात्रियों,रेलयात्री
कारणों,कारण
सुनाए,सुना
दीवारों,दीवार
चमड़ा,चमडा
लेंगें,ले
नुमाइंदों,नुमाइंद
बिफरे,बिफर
संभालेंगे,संभाल
सकी,सक
पहुंचाना,पहुंचा
आएंगी,आ
रखीं,रख
बनाया,बना
रंगा,रंग
रिश्तेदारों,रिश्तेदार
बचेगी,बच
सौन्दर्य,सौंदर्य
पिछड़,पिछड
वार्ताएं,वार्ता
सजी,सज
खड़कने,खड़क
रिकार्डों,रिकार्ड
बनी,बन
व्यापारियों,व्यापारी
समुदायों,समुदाय
खाने,खा
गढ़,गढ
"६५,०००",६५०००
हैं,है
तगड़े,तगडा
जहाजों,जहाज
उछाला,उछाल
क्षेत्राधिकारियों,क्षेत्राधिकारी
लड़कर,लड
रुकवाने,रुकवा
ब्लेंडर्स,ब्लेंडर
फिसलने,फिसल
बिगाड़ने,बिगाड
खदेड़ने,खदेड
सांसे,सांस
वही,वह
ज्योतिषियों,ज्योतिषी
समझें,समझ
तारीखों,तारीख
दिखा,दिख
लिखवा,लिख
निभाते,निभा
पकड़ा,पकड
छुट्टियों,छुट्टी
सौंपेंगे,सौंप
हड़तालें,हड़ताल
जाकर,जा
तोड़ने,तोड़
देनेवाले,दे
बोलते,बोल
राइफल्स,राइफल
लपेटकर,लपेट
रिसने,रिस
योजनाएं,योजना
चाहिए,चाह
खोजते,खोज
देखेगी,देख
पांचवीं,पांचवा
जानने,जा
सहूलियतें,सहूलियत
मार्शलों,मार्शल
उगाने,उगा
ऑपरेशंस,ऑपरेशन
पंचकेदारों,पंचकेदार
"३५,०००",३५०००
विस्फ़ोटों,विस्फोट
सकूं,सक
परिजनों,परिजन
कटी,कट
बखेड़ा,बखेडा
उपलब्धियां,उपलब्धि
उड़ाने,उडा
भीड़,भीड
चराने,चरा
पटरियों,पटरी
बिकते,बिक
ढकेलने,ढकेल
बसी,बस
लड़ा,लड
धामों,धाम
दुकानों,दुकान
दाखिलों,दाखिला
"600,000",600000
जाता,जा
दिखाई,दिखा
तेवरों,तेवर
छुड़ाकर,छुड़ा
अपेक्षाओं,अपेक्षा
टोही,टोह
बांधने,बांध
हममें,हम
बनीं,बन
कपड़ा,कपडा
दौड़ते,दौड
दिलाया,दिला
लादने,लाद
लौटेगी,लौट
रहूंगा,रह
फौजों,फौज
इंजीनियरों,इंजीनियर
आपके,आप
देखते,देख
लाखों,लाख
बरतने,बरत
लेनी,ले
बांधे,बांध
वारदातों,वारदात
अरबियों,अरबी
बढ़ती,बढ
सजाए,सजा
विद्यार्थियों,विद्यार्थी
अफ़ग़ान,अफगान
बनाते,बना
निभाती,निभा
करायी,करा
कंप्यूटरों,कंप्यूटर
बनाएंगी,बना
वजहें,वजह
शाखाओं,शाखा
अराजकताओं,अराजकता
भुनाना,भुना
खिसकती,खिसक
केंद्रों,केंद्र
मच्छरों,मच्छर
सुझाए,सुझा
रोपकर,रोप
शब्दों,शब्द
सदस्यों,सदस्य
साधे,साध
प्रबंधकों,प्रबंधक
खिलाते,खिला
सुननी,सुन
दीजिए,दे
मोहल्‍ला,मोहल्ला
चढ़ाए,चढा
अपहर्ताओं,अपहर्ता
करेगें,कर
शख़्स,शख्स
छोड़ा,छोड़
देखने,देख
बने,बन
गिने,गिन
कराते,करा
स्टोर्स,स्टोर
सकेंगी,सक
पीपुल्स,पीपुल
ढूंढ़ने,ढूंढ़
सहूलियतों,सहूलियत
बेरोज़गार,बेरोजगार
गर्मियों,गर्मी
क़बूल,कबूल
होगा,हो
खींचेगा,खींच
कहूंगा,कह
गुजरने,गुजर
होटल्स,होटल
आपत्तियों,आपत्ति
विफलताओं,विफलता
छापों,छापा
द्रविड़,द्रविड
दर्शाया,दर्शा
पहाड़ी,पहाड़
पहुंचते,पहुंच
खींची,खींच
मुठभेड़,मुठभेड
छोड़े,छोड़
कहकर,कह
जनजातियों,जनजाति
नकारते,नकार
कहने,कह
इराक़,इराक
उतरने,उतर
उगेगा,उग
बुलाते,बुला
प्रवृष्टियां,प्रवृष्टी
आतिशबाजियों,आतिशबाजी
पगड़ी,पगडी
यातनाओं,यातना
उठतीं,उठ
सेलेब्रिटिज,सेलेब्रिटी
संवेदनाएं,संवेदना
लाये,ला
अनियमितताओं,अनियमितता
ब्लॉकों,ब्लॉक
हेलिकॉप्टरों,हेलिकॉप्टर
याचिकाओं,याचिका
कहते,कह
विचारों,विचार
खटकती,खटक
छोड़ा,छोड
चिल्लाकर,चिल्ला
निकाला,निकाल
चला,चल
मांगते,मांग
लगाएगा,लगा
बढ़ाना,बढ
बाधाएं,बाधा
होटलों,होटल
नक़ल,नकल
बढ़ाना,बढा
पहुँचेगी,पहुँच
विस्फ़ोटकों,विस्फोटक
निबटाया,निबटा
भड़काने,भडका
लेंगे,ले
आएं,आ
चुकीं,चुक
उघाड़,उघाड
पुरातत्वविदों,पुरातत्वविद
लगवाती,लग
टेका,टेक
"११,४५८",११४५८
पौने,पौन
चुनावों,चुनाव
आते,आ
बग़ैर,बगैर
खानी,खा
भगाए,भगा
"७०,०००",७००००
दीवारें,दीवार
सिक्कों,सिक्का
कदमों,कदम
बांटा,बांट
दुकानदारों,दुकानदार
द्रव्यों,द्रव्य
आंतकवादियों,आंतकवादी
मुस्लिमों,मुस्लिम
रक़म,रकम
लाइन्स,लाइन
मुझसे,मैं
पूछे,पूछ
बैठकें,बैठक
"४,२९,०००",४२९०००
निपटाएंगे,निपटा
जातियों,जाति
क़रीब,करीब
बैठे,बैठ
वेश्याओं,वेश्या
जोरों,जोर
खींचना,खींच
तारों,तारा
शोषितों,शोषित
गुजरा,गुजर
जोड़ना,जोड़
फैलाए,फैला
फिल्मों,फिल्म
पचड़े,पचडा
निर्णयों,निर्णय
खोजे,खोज
आउटलेटों,आउटलेट
भक्तों,भक्त
कार्यो,कार्य
मंत्रिगणों,मंत्रिगण
लगनी,लग
सकेगा,सक
बिखरे,बिखर
बढ़ा,बढा
गाड़ियां,गाड़ी
अपनाना,अपना
बिछुड़े,बिछुड
होंगी,हो
परेशानियों,परेशानी
बढ़ाई,बढा
न्यायालयों,न्यायालय
इतिहासविदों,इतिहासविद
मंत्रालयों,मंत्रालय
बदलकर,बदल
होनेवाली,हो
झटकों,झटका
मिल्स,मिल
रिफाइनरियों,रिफाइनरी
"१,०००",१०००
जुड़ने,जुड़
पशुओं,पशु
दीं,दे
बचते,बच
वेत्ताओं,वेत्ता
मंडलों,मंडल
धरी,धर
कड़ियों,कडी
"80,000",80000
"३२,०००",३२
महलों,महल
"३,२३,५६३",३२३५६३
टलने,टल
गेंदबाजों,गेंदबाज
स्कैनरों,स्कैनर
भटकाने,भटका
जाए,जा
बढ़कर,बढ़
गुजरती,गुजर
बताती,बता
आंकड़ों,आंकड़ा
जलाना,जला
बख्श्ते,बख्श
करवाएगी,करवा
ठहराए,ठहरा
पढ़ता,पढ
जाना,जा
भुगतना,भुगत
जागती,जाग
दंगों,दंगा
मेहराबें,मेहराब
मुहाजिरों,मुहाजीर
रचते,रच
कटने,कट
हमारी,हम
बे-लगाम,बेलगाम
सुइयों,सुई
एड़ी,एडी
मशीनें,मशीन
बरतें,बरत
उद्धधाटन,उद्घाटन
बन्द,बंद
डलवाने,डलवा
याचिकाकर्ताओं,याचिकाकर्ता
जेलकर्मियों,जेलकर्मी
गाड़ी,गाडी
लगाता,लगा
आंखे,आंख
सोहार्द्र,सोहार्द
ठोंकने,ठोंक
मशीनों,मशीन
कूदी,कूद
नवाबों,नवाब
अड़ियल,अडियल
आतंकवादियों,आतंकवादी
विजेताओं,विजेता
मौकों,मौका
कमजोरियों,कमजोरी
गुजारी,गुजार
लिखित,लिख
ट्रेनें,ट्रेन
"३५,०१८",३५०१८
क़तर,कतर
होंगे,हो
ढूंढने,ढूंढ
गाते,गा
उड़,उड
उड़ती,उड़
ठहराया,ठहरा
सौंपी,सौंप
सके,सक
भड़क,भडक
बेचे,बेच
भागकर,भाग
डुबाने,डुबा
शिष्यों,शिष्य
हराया,हरा
उधेड़ी,उधेड
शाखाएं,शाखा
उठाये,उठा
संस्कारों,संस्कार
नामों,नाम
गरमाया,गरमा
सभाओं,सभा
चुनें,चुन
चलायी,चला
धुनों,धुन
सकते,सक
टेंटों,टेंट
खुलेगा,खुल
विधायकों,विधायक
बंधकों,बंधक
बढ़ेगा,बढ
ख़ाली,खाली
भिड़ना,भिड़
दफनाया,दफना
गड़ी,गड
लाएंगे,ला
बैठना,बैठ
अटकाने,अटका
"१,४००",१४००
ढूँढ़े,ढूँढ
"६,१६,४००",६१६४००
बढ़ेंगे,बढ़
समझिए,समझ
मज़बूत,मजबूत
विनियमों,विनियम
पहचानी,पहचान
रखता,रख
घुसकर,घुस
मनोभावों,मनोभाव
लगी,लग
ठहरे,ठहर
उबरकर,उबर
हिस्‍सों,हिस्सा
गुनियों,गुनी
एजंसियां,एजंसी
जमे,जम
जानी,जान
औपचारिकताएं,औपचारिकता
आपदाओं,आपदा
उठाती,उठा
हमको,हम
अनुमानों,अनुमान
निष्कर्षों,निष्कर्ष
कराता,करा
एयरलाइंसों,एयरलाइंस
अधीनस्थों,अधीनस्थ
उखाड़कर,उखाड
लौटकर,लौट
परंपराओं,परंपरा
मृतकों,मृतक
परिस्थितियाँ,परिस्थिति
खेला,खेल
"१८,७४०",१८७४०
प्रतिक्रियाएँ,प्रतिक्रिया
लेगा,ले
मानकर,मान
बांधों,बांध
जमाकर्ताओं,जमाकर्ता
खेमों,खेमा
